Tanggal,Kurs
Wed May 22 2019 00:00:00 GMT+0700 (Western Indonesia Time),14488
Thu May 23 2019 00:00:00 GMT+0700 (Western Indonesia Time),14513
Fri May 24 2019 00:00:00 GMT+0700 (Western Indonesia Time),14451
Mon May 27 2019 00:00:00 GMT+0700 (Western Indonesia Time),14360
Tue May 28 2019 00:00:00 GMT+0700 (Western Indonesia Time),14380
Wed May 29 2019 00:00:00 GMT+0700 (Western Indonesia Time),14417
Fri May 31 2019 00:00:00 GMT+0700 (Western Indonesia Time),14385
Mon Jun 10 2019 00:00:00 GMT+0700 (Western Indonesia Time),14231
Tue Jun 11 2019 00:00:00 GMT+0700 (Western Indonesia Time),14258
Wed Jun 12 2019 00:00:00 GMT+0700 (Western Indonesia Time),14234
Thu Jun 13 2019 00:00:00 GMT+0700 (Western Indonesia Time),14270
Fri Jun 14 2019 00:00:00 GMT+0700 (Western Indonesia Time),14304
Mon Jun 17 2019 00:00:00 GMT+0700 (Western Indonesia Time),14346
Tue Jun 18 2019 00:00:00 GMT+0700 (Western Indonesia Time),14334
Wed Jun 19 2019 00:00:00 GMT+0700 (Western Indonesia Time),14271
Thu Jun 20 2019 00:00:00 GMT+0700 (Western Indonesia Time),14236
Fri Jun 21 2019 00:00:00 GMT+0700 (Western Indonesia Time),14116
Mon Jun 24 2019 00:00:00 GMT+0700 (Western Indonesia Time),14165
Tue Jun 25 2019 00:00:00 GMT+0700 (Western Indonesia Time),14138
Wed Jun 26 2019 00:00:00 GMT+0700 (Western Indonesia Time),14174
Thu Jun 27 2019 00:00:00 GMT+0700 (Western Indonesia Time),14180
Fri Jun 28 2019 00:00:00 GMT+0700 (Western Indonesia Time),14141
Mon Jul 01 2019 00:00:00 GMT+0700 (Western Indonesia Time),14117
Tue Jul 02 2019 00:00:00 GMT+0700 (Western Indonesia Time),14140
Wed Jul 03 2019 00:00:00 GMT+0700 (Western Indonesia Time),14160
Thu Jul 04 2019 00:00:00 GMT+0700 (Western Indonesia Time),14106
Fri Jul 05 2019 00:00:00 GMT+0700 (Western Indonesia Time),14148
Mon Jul 08 2019 00:00:00 GMT+0700 (Western Indonesia Time),14147
Tue Jul 09 2019 00:00:00 GMT+0700 (Western Indonesia Time),14129
Wed Jul 10 2019 00:00:00 GMT+0700 (Western Indonesia Time),14152
Thu Jul 11 2019 00:00:00 GMT+0700 (Western Indonesia Time),14089
Fri Jul 12 2019 00:00:00 GMT+0700 (Western Indonesia Time),14085
Mon Jul 15 2019 00:00:00 GMT+0700 (Western Indonesia Time),13970
Tue Jul 16 2019 00:00:00 GMT+0700 (Western Indonesia Time),13925
Wed Jul 17 2019 00:00:00 GMT+0700 (Western Indonesia Time),13949
Thu Jul 18 2019 00:00:00 GMT+0700 (Western Indonesia Time),13976
Fri Jul 19 2019 00:00:00 GMT+0700 (Western Indonesia Time),13913
Mon Jul 22 2019 00:00:00 GMT+0700 (Western Indonesia Time),13963
Tue Jul 23 2019 00:00:00 GMT+0700 (Western Indonesia Time),13973
Wed Jul 24 2019 00:00:00 GMT+0700 (Western Indonesia Time),14011
Thu Jul 25 2019 00:00:00 GMT+0700 (Western Indonesia Time),13986
Fri Jul 26 2019 00:00:00 GMT+0700 (Western Indonesia Time),14001
Mon Jul 29 2019 00:00:00 GMT+0700 (Western Indonesia Time),14010
Tue Jul 30 2019 00:00:00 GMT+0700 (Western Indonesia Time),14034
Wed Jul 31 2019 00:00:00 GMT+0700 (Western Indonesia Time),14026
Thu Aug 01 2019 00:00:00 GMT+0700 (Western Indonesia Time),14098
Fri Aug 02 2019 00:00:00 GMT+0700 (Western Indonesia Time),14203
Mon Aug 05 2019 00:00:00 GMT+0700 (Western Indonesia Time),14231
Tue Aug 06 2019 00:00:00 GMT+0700 (Western Indonesia Time),14344
Wed Aug 07 2019 00:00:00 GMT+0700 (Western Indonesia Time),14275
Thu Aug 08 2019 00:00:00 GMT+0700 (Western Indonesia Time),14231
Fri Aug 09 2019 00:00:00 GMT+0700 (Western Indonesia Time),14195
Mon Aug 12 2019 00:00:00 GMT+0700 (Western Indonesia Time),14220
Tue Aug 13 2019 00:00:00 GMT+0700 (Western Indonesia Time),14283
Wed Aug 14 2019 00:00:00 GMT+0700 (Western Indonesia Time),14234
Thu Aug 15 2019 00:00:00 GMT+0700 (Western Indonesia Time),14296
Fri Aug 16 2019 00:00:00 GMT+0700 (Western Indonesia Time),14258
Mon Aug 19 2019 00:00:00 GMT+0700 (Western Indonesia Time),14203
Tue Aug 20 2019 00:00:00 GMT+0700 (Western Indonesia Time),14262
Wed Aug 21 2019 00:00:00 GMT+0700 (Western Indonesia Time),14259
Thu Aug 22 2019 00:00:00 GMT+0700 (Western Indonesia Time),14234
Fri Aug 23 2019 00:00:00 GMT+0700 (Western Indonesia Time),14249
Mon Aug 26 2019 00:00:00 GMT+0700 (Western Indonesia Time),14261
Tue Aug 27 2019 00:00:00 GMT+0700 (Western Indonesia Time),14235
Wed Aug 28 2019 00:00:00 GMT+0700 (Western Indonesia Time),14263
Thu Aug 29 2019 00:00:00 GMT+0700 (Western Indonesia Time),14254
Fri Aug 30 2019 00:00:00 GMT+0700 (Western Indonesia Time),14237
Mon Sep 02 2019 00:00:00 GMT+0700 (Western Indonesia Time),14190
Tue Sep 03 2019 00:00:00 GMT+0700 (Western Indonesia Time),14217
Wed Sep 04 2019 00:00:00 GMT+0700 (Western Indonesia Time),14218
Thu Sep 05 2019 00:00:00 GMT+0700 (Western Indonesia Time),14153
Fri Sep 06 2019 00:00:00 GMT+0700 (Western Indonesia Time),14140
Mon Sep 09 2019 00:00:00 GMT+0700 (Western Indonesia Time),14092
Tue Sep 10 2019 00:00:00 GMT+0700 (Western Indonesia Time),14031
Wed Sep 11 2019 00:00:00 GMT+0700 (Western Indonesia Time),14063
Thu Sep 12 2019 00:00:00 GMT+0700 (Western Indonesia Time),14052
Fri Sep 13 2019 00:00:00 GMT+0700 (Western Indonesia Time),13950
Mon Sep 16 2019 00:00:00 GMT+0700 (Western Indonesia Time),14020
Tue Sep 17 2019 00:00:00 GMT+0700 (Western Indonesia Time),14100
Wed Sep 18 2019 00:00:00 GMT+0700 (Western Indonesia Time),14080
Thu Sep 19 2019 00:00:00 GMT+0700 (Western Indonesia Time),14099
Fri Sep 20 2019 00:00:00 GMT+0700 (Western Indonesia Time),14085
Mon Sep 23 2019 00:00:00 GMT+0700 (Western Indonesia Time),14077
Tue Sep 24 2019 00:00:00 GMT+0700 (Western Indonesia Time),14099
Wed Sep 25 2019 00:00:00 GMT+0700 (Western Indonesia Time),14134
Thu Sep 26 2019 00:00:00 GMT+0700 (Western Indonesia Time),14162
Fri Sep 27 2019 00:00:00 GMT+0700 (Western Indonesia Time),14197
Mon Sep 30 2019 00:00:00 GMT+0700 (Western Indonesia Time),14174
Tue Oct 01 2019 00:00:00 GMT+0700 (Western Indonesia Time),14196
Wed Oct 02 2019 00:00:00 GMT+0700 (Western Indonesia Time),14207
Thu Oct 03 2019 00:00:00 GMT+0700 (Western Indonesia Time),14193
Fri Oct 04 2019 00:00:00 GMT+0700 (Western Indonesia Time),14135
Mon Oct 07 2019 00:00:00 GMT+0700 (Western Indonesia Time),14156
Tue Oct 08 2019 00:00:00 GMT+0700 (Western Indonesia Time),14170
Wed Oct 09 2019 00:00:00 GMT+0700 (Western Indonesia Time),14182
Thu Oct 10 2019 00:00:00 GMT+0700 (Western Indonesia Time),14157
Fri Oct 11 2019 00:00:00 GMT+0700 (Western Indonesia Time),14139
Mon Oct 14 2019 00:00:00 GMT+0700 (Western Indonesia Time),14126
Tue Oct 15 2019 00:00:00 GMT+0700 (Western Indonesia Time),14140
Wed Oct 16 2019 00:00:00 GMT+0700 (Western Indonesia Time),14187
Thu Oct 17 2019 00:00:00 GMT+0700 (Western Indonesia Time),14172
Fri Oct 18 2019 00:00:00 GMT+0700 (Western Indonesia Time),14140
Mon Oct 21 2019 00:00:00 GMT+0700 (Western Indonesia Time),14132
Tue Oct 22 2019 00:00:00 GMT+0700 (Western Indonesia Time),14058
Wed Oct 23 2019 00:00:00 GMT+0700 (Western Indonesia Time),14051
Thu Oct 24 2019 00:00:00 GMT+0700 (Western Indonesia Time),13996
Fri Oct 25 2019 00:00:00 GMT+0700 (Western Indonesia Time),14064
Mon Oct 28 2019 00:00:00 GMT+0700 (Western Indonesia Time),14023
Tue Oct 29 2019 00:00:00 GMT+0700 (Western Indonesia Time),14028
Wed Oct 30 2019 00:00:00 GMT+0700 (Western Indonesia Time),14044
Thu Oct 31 2019 00:00:00 GMT+0700 (Western Indonesia Time),14008
Fri Nov 01 2019 00:00:00 GMT+0700 (Western Indonesia Time),14066
Mon Nov 04 2019 00:00:00 GMT+0700 (Western Indonesia Time),14002
Tue Nov 05 2019 00:00:00 GMT+0700 (Western Indonesia Time),14031
Wed Nov 06 2019 00:00:00 GMT+0700 (Western Indonesia Time),13992
Thu Nov 07 2019 00:00:00 GMT+0700 (Western Indonesia Time),14040
Fri Nov 08 2019 00:00:00 GMT+0700 (Western Indonesia Time),14020
Mon Nov 11 2019 00:00:00 GMT+0700 (Western Indonesia Time),14040
Tue Nov 12 2019 00:00:00 GMT+0700 (Western Indonesia Time),14059
Wed Nov 13 2019 00:00:00 GMT+0700 (Western Indonesia Time),14082
Thu Nov 14 2019 00:00:00 GMT+0700 (Western Indonesia Time),14098
Fri Nov 15 2019 00:00:00 GMT+0700 (Western Indonesia Time),14069
Mon Nov 18 2019 00:00:00 GMT+0700 (Western Indonesia Time),14075
Tue Nov 19 2019 00:00:00 GMT+0700 (Western Indonesia Time),14091
Wed Nov 20 2019 00:00:00 GMT+0700 (Western Indonesia Time),14097
Thu Nov 21 2019 00:00:00 GMT+0700 (Western Indonesia Time),14112
Fri Nov 22 2019 00:00:00 GMT+0700 (Western Indonesia Time),14100
Mon Nov 25 2019 00:00:00 GMT+0700 (Western Indonesia Time),14091
Tue Nov 26 2019 00:00:00 GMT+0700 (Western Indonesia Time),14081
Wed Nov 27 2019 00:00:00 GMT+0700 (Western Indonesia Time),14096
Thu Nov 28 2019 00:00:00 GMT+0700 (Western Indonesia Time),14099
Fri Nov 29 2019 00:00:00 GMT+0700 (Western Indonesia Time),14102
Mon Dec 02 2019 00:00:00 GMT+0700 (Western Indonesia Time),14122
Tue Dec 03 2019 00:00:00 GMT+0700 (Western Indonesia Time),14130
Wed Dec 04 2019 00:00:00 GMT+0700 (Western Indonesia Time),14125
Thu Dec 05 2019 00:00:00 GMT+0700 (Western Indonesia Time),14094
Fri Dec 06 2019 00:00:00 GMT+0700 (Western Indonesia Time),14037
Mon Dec 09 2019 00:00:00 GMT+0700 (Western Indonesia Time),14021
Tue Dec 10 2019 00:00:00 GMT+0700 (Western Indonesia Time),14004
Wed Dec 11 2019 00:00:00 GMT+0700 (Western Indonesia Time),14025
Thu Dec 12 2019 00:00:00 GMT+0700 (Western Indonesia Time),14042
Fri Dec 13 2019 00:00:00 GMT+0700 (Western Indonesia Time),13982
Mon Dec 16 2019 00:00:00 GMT+0700 (Western Indonesia Time),14004
Tue Dec 17 2019 00:00:00 GMT+0700 (Western Indonesia Time),14018
Wed Dec 18 2019 00:00:00 GMT+0700 (Western Indonesia Time),14007
Thu Dec 19 2019 00:00:00 GMT+0700 (Western Indonesia Time),13983
Fri Dec 20 2019 00:00:00 GMT+0700 (Western Indonesia Time),13993
Mon Dec 23 2019 00:00:00 GMT+0700 (Western Indonesia Time),13978
Thu Dec 26 2019 00:00:00 GMT+0700 (Western Indonesia Time),13982
Fri Dec 27 2019 00:00:00 GMT+0700 (Western Indonesia Time),13956
Mon Dec 30 2019 00:00:00 GMT+0700 (Western Indonesia Time),13945
Tue Dec 31 2019 00:00:00 GMT+0700 (Western Indonesia Time),13901
Thu Jan 02 2020 00:00:00 GMT+0700 (Western Indonesia Time),13895
Fri Jan 03 2020 00:00:00 GMT+0700 (Western Indonesia Time),13899
Mon Jan 06 2020 00:00:00 GMT+0700 (Western Indonesia Time),13961
Tue Jan 07 2020 00:00:00 GMT+0700 (Western Indonesia Time),13919
Wed Jan 08 2020 00:00:00 GMT+0700 (Western Indonesia Time),13934
Thu Jan 09 2020 00:00:00 GMT+0700 (Western Indonesia Time),13860
Fri Jan 10 2020 00:00:00 GMT+0700 (Western Indonesia Time),13812
Mon Jan 13 2020 00:00:00 GMT+0700 (Western Indonesia Time),13708
Tue Jan 14 2020 00:00:00 GMT+0700 (Western Indonesia Time),13654
Wed Jan 15 2020 00:00:00 GMT+0700 (Western Indonesia Time),13706
Thu Jan 16 2020 00:00:00 GMT+0700 (Western Indonesia Time),13658
Fri Jan 17 2020 00:00:00 GMT+0700 (Western Indonesia Time),13648
Mon Jan 20 2020 00:00:00 GMT+0700 (Western Indonesia Time),13654
Tue Jan 21 2020 00:00:00 GMT+0700 (Western Indonesia Time),13658
Wed Jan 22 2020 00:00:00 GMT+0700 (Western Indonesia Time),13678
Thu Jan 23 2020 00:00:00 GMT+0700 (Western Indonesia Time),13626
Fri Jan 24 2020 00:00:00 GMT+0700 (Western Indonesia Time),13632
Mon Jan 27 2020 00:00:00 GMT+0700 (Western Indonesia Time),13612
Tue Jan 28 2020 00:00:00 GMT+0700 (Western Indonesia Time),13647
Wed Jan 29 2020 00:00:00 GMT+0700 (Western Indonesia Time),13634
Thu Jan 30 2020 00:00:00 GMT+0700 (Western Indonesia Time),13652
Fri Jan 31 2020 00:00:00 GMT+0700 (Western Indonesia Time),13662
Mon Feb 03 2020 00:00:00 GMT+0700 (Western Indonesia Time),13726
Tue Feb 04 2020 00:00:00 GMT+0700 (Western Indonesia Time),13760
Wed Feb 05 2020 00:00:00 GMT+0700 (Western Indonesia Time),13717
Thu Feb 06 2020 00:00:00 GMT+0700 (Western Indonesia Time),13662
Fri Feb 07 2020 00:00:00 GMT+0700 (Western Indonesia Time),13647
Mon Feb 10 2020 00:00:00 GMT+0700 (Western Indonesia Time),13708
Tue Feb 11 2020 00:00:00 GMT+0700 (Western Indonesia Time),13686
Wed Feb 12 2020 00:00:00 GMT+0700 (Western Indonesia Time),13659
Thu Feb 13 2020 00:00:00 GMT+0700 (Western Indonesia Time),13679
Fri Feb 14 2020 00:00:00 GMT+0700 (Western Indonesia Time),13707
Mon Feb 17 2020 00:00:00 GMT+0700 (Western Indonesia Time),13693
Tue Feb 18 2020 00:00:00 GMT+0700 (Western Indonesia Time),13676
Wed Feb 19 2020 00:00:00 GMT+0700 (Western Indonesia Time),13717
Thu Feb 20 2020 00:00:00 GMT+0700 (Western Indonesia Time),13735
Fri Feb 21 2020 00:00:00 GMT+0700 (Western Indonesia Time),13777
Mon Feb 24 2020 00:00:00 GMT+0700 (Western Indonesia Time),13863
Tue Feb 25 2020 00:00:00 GMT+0700 (Western Indonesia Time),13893
Wed Feb 26 2020 00:00:00 GMT+0700 (Western Indonesia Time),13966
Thu Feb 27 2020 00:00:00 GMT+0700 (Western Indonesia Time),14018
Fri Feb 28 2020 00:00:00 GMT+0700 (Western Indonesia Time),14234
Mon Mar 02 2020 00:00:00 GMT+0700 (Western Indonesia Time),14413
Tue Mar 03 2020 00:00:00 GMT+0700 (Western Indonesia Time),14222
Wed Mar 04 2020 00:00:00 GMT+0700 (Western Indonesia Time),14171
Thu Mar 05 2020 00:00:00 GMT+0700 (Western Indonesia Time),14168
Fri Mar 06 2020 00:00:00 GMT+0700 (Western Indonesia Time),14267
Mon Mar 09 2020 00:00:00 GMT+0700 (Western Indonesia Time),14342
Tue Mar 10 2020 00:00:00 GMT+0700 (Western Indonesia Time),14411
Wed Mar 11 2020 00:00:00 GMT+0700 (Western Indonesia Time),14323
Thu Mar 12 2020 00:00:00 GMT+0700 (Western Indonesia Time),14490
Fri Mar 13 2020 00:00:00 GMT+0700 (Western Indonesia Time),14815
Mon Mar 16 2020 00:00:00 GMT+0700 (Western Indonesia Time),14818
Tue Mar 17 2020 00:00:00 GMT+0700 (Western Indonesia Time),15083
Wed Mar 18 2020 00:00:00 GMT+0700 (Western Indonesia Time),15223
Thu Mar 19 2020 00:00:00 GMT+0700 (Western Indonesia Time),15712
Fri Mar 20 2020 00:00:00 GMT+0700 (Western Indonesia Time),16273
Mon Mar 23 2020 00:00:00 GMT+0700 (Western Indonesia Time),16608
Tue Mar 24 2020 00:00:00 GMT+0700 (Western Indonesia Time),16486
Thu Mar 26 2020 00:00:00 GMT+0700 (Western Indonesia Time),16328
Fri Mar 27 2020 00:00:00 GMT+0700 (Western Indonesia Time),16230
Mon Mar 30 2020 00:00:00 GMT+0700 (Western Indonesia Time),16336
Tue Mar 31 2020 00:00:00 GMT+0700 (Western Indonesia Time),16367
Wed Apr 01 2020 00:00:00 GMT+0700 (Western Indonesia Time),16413
Thu Apr 02 2020 00:00:00 GMT+0700 (Western Indonesia Time),16741
Fri Apr 03 2020 00:00:00 GMT+0700 (Western Indonesia Time),16464
Mon Apr 06 2020 00:00:00 GMT+0700 (Western Indonesia Time),16556
Tue Apr 07 2020 00:00:00 GMT+0700 (Western Indonesia Time),16410
Wed Apr 08 2020 00:00:00 GMT+0700 (Western Indonesia Time),16245
Thu Apr 09 2020 00:00:00 GMT+0700 (Western Indonesia Time),16241
Mon Apr 13 2020 00:00:00 GMT+0700 (Western Indonesia Time),15840
Tue Apr 14 2020 00:00:00 GMT+0700 (Western Indonesia Time),15722
Wed Apr 15 2020 00:00:00 GMT+0700 (Western Indonesia Time),15707
Thu Apr 16 2020 00:00:00 GMT+0700 (Western Indonesia Time),15787
Fri Apr 17 2020 00:00:00 GMT+0700 (Western Indonesia Time),15503
Mon Apr 20 2020 00:00:00 GMT+0700 (Western Indonesia Time),15543
Tue Apr 21 2020 00:00:00 GMT+0700 (Western Indonesia Time),15643
Wed Apr 22 2020 00:00:00 GMT+0700 (Western Indonesia Time),15567
Thu Apr 23 2020 00:00:00 GMT+0700 (Western Indonesia Time),15630
Fri Apr 24 2020 00:00:00 GMT+0700 (Western Indonesia Time),15553
Mon Apr 27 2020 00:00:00 GMT+0700 (Western Indonesia Time),15591
Tue Apr 28 2020 00:00:00 GMT+0700 (Western Indonesia Time),15488
Wed Apr 29 2020 00:00:00 GMT+0700 (Western Indonesia Time),15415
Thu Apr 30 2020 00:00:00 GMT+0700 (Western Indonesia Time),15157
Mon May 04 2020 00:00:00 GMT+0700 (Western Indonesia Time),15073
Tue May 05 2020 00:00:00 GMT+0700 (Western Indonesia Time),15104
Wed May 06 2020 00:00:00 GMT+0700 (Western Indonesia Time),15127
Fri May 08 2020 00:00:00 GMT+0700 (Western Indonesia Time),15009
Mon May 11 2020 00:00:00 GMT+0700 (Western Indonesia Time),14936
Tue May 12 2020 00:00:00 GMT+0700 (Western Indonesia Time),14978
Wed May 13 2020 00:00:00 GMT+0700 (Western Indonesia Time),14887
Thu May 14 2020 00:00:00 GMT+0700 (Western Indonesia Time),14946
Fri May 15 2020 00:00:00 GMT+0700 (Western Indonesia Time),14909
Mon May 18 2020 00:00:00 GMT+0700 (Western Indonesia Time),14885
Tue May 19 2020 00:00:00 GMT+0700 (Western Indonesia Time),14823
Wed May 20 2020 00:00:00 GMT+0700 (Western Indonesia Time),14785
Tue May 26 2020 00:00:00 GMT+0700 (Western Indonesia Time),14774
Wed May 27 2020 00:00:00 GMT+0700 (Western Indonesia Time),14761
Thu May 28 2020 00:00:00 GMT+0700 (Western Indonesia Time),14769
Fri May 29 2020 00:00:00 GMT+0700 (Western Indonesia Time),14733
Tue Jun 02 2020 00:00:00 GMT+0700 (Western Indonesia Time),14502
Wed Jun 03 2020 00:00:00 GMT+0700 (Western Indonesia Time),14245
Thu Jun 04 2020 00:00:00 GMT+0700 (Western Indonesia Time),14165
Fri Jun 05 2020 00:00:00 GMT+0700 (Western Indonesia Time),14100
Mon Jun 08 2020 00:00:00 GMT+0700 (Western Indonesia Time),13956
Tue Jun 09 2020 00:00:00 GMT+0700 (Western Indonesia Time),13973
Wed Jun 10 2020 00:00:00 GMT+0700 (Western Indonesia Time),14083
Thu Jun 11 2020 00:00:00 GMT+0700 (Western Indonesia Time),14014
Fri Jun 12 2020 00:00:00 GMT+0700 (Western Indonesia Time),14257
Mon Jun 15 2020 00:00:00 GMT+0700 (Western Indonesia Time),14228
Tue Jun 16 2020 00:00:00 GMT+0700 (Western Indonesia Time),14155
Wed Jun 17 2020 00:00:00 GMT+0700 (Western Indonesia Time),14234
Thu Jun 18 2020 00:00:00 GMT+0700 (Western Indonesia Time),14186
Fri Jun 19 2020 00:00:00 GMT+0700 (Western Indonesia Time),14242
Mon Jun 22 2020 00:00:00 GMT+0700 (Western Indonesia Time),14209
Tue Jun 23 2020 00:00:00 GMT+0700 (Western Indonesia Time),14265
Wed Jun 24 2020 00:00:00 GMT+0700 (Western Indonesia Time),14160
Thu Jun 25 2020 00:00:00 GMT+0700 (Western Indonesia Time),14231
Fri Jun 26 2020 00:00:00 GMT+0700 (Western Indonesia Time),14239
Mon Jun 29 2020 00:00:00 GMT+0700 (Western Indonesia Time),14369
Tue Jun 30 2020 00:00:00 GMT+0700 (Western Indonesia Time),14302
Wed Jul 01 2020 00:00:00 GMT+0700 (Western Indonesia Time),14341
Thu Jul 02 2020 00:00:00 GMT+0700 (Western Indonesia Time),14516
Fri Jul 03 2020 00:00:00 GMT+0700 (Western Indonesia Time),14566
Mon Jul 06 2020 00:00:00 GMT+0700 (Western Indonesia Time),14547
Tue Jul 07 2020 00:00:00 GMT+0700 (Western Indonesia Time),14456
Wed Jul 08 2020 00:00:00 GMT+0700 (Western Indonesia Time),14460
Thu Jul 09 2020 00:00:00 GMT+0700 (Western Indonesia Time),14446
Fri Jul 10 2020 00:00:00 GMT+0700 (Western Indonesia Time),14501
Mon Jul 13 2020 00:00:00 GMT+0700 (Western Indonesia Time),14486
Tue Jul 14 2020 00:00:00 GMT+0700 (Western Indonesia Time),14512
Wed Jul 15 2020 00:00:00 GMT+0700 (Western Indonesia Time),14616
Thu Jul 16 2020 00:00:00 GMT+0700 (Western Indonesia Time),14632
Fri Jul 17 2020 00:00:00 GMT+0700 (Western Indonesia Time),14780
Mon Jul 20 2020 00:00:00 GMT+0700 (Western Indonesia Time),14832
Tue Jul 21 2020 00:00:00 GMT+0700 (Western Indonesia Time),14813
Wed Jul 22 2020 00:00:00 GMT+0700 (Western Indonesia Time),14655
Thu Jul 23 2020 00:00:00 GMT+0700 (Western Indonesia Time),14669
Fri Jul 24 2020 00:00:00 GMT+0700 (Western Indonesia Time),14614
Mon Jul 27 2020 00:00:00 GMT+0700 (Western Indonesia Time),14605
Tue Jul 28 2020 00:00:00 GMT+0700 (Western Indonesia Time),14543
Wed Jul 29 2020 00:00:00 GMT+0700 (Western Indonesia Time),14570
Thu Jul 30 2020 00:00:00 GMT+0700 (Western Indonesia Time),14653
Mon Aug 03 2020 00:00:00 GMT+0700 (Western Indonesia Time),14713
Tue Aug 04 2020 00:00:00 GMT+0700 (Western Indonesia Time),14697
Wed Aug 05 2020 00:00:00 GMT+0700 (Western Indonesia Time),14623
Thu Aug 06 2020 00:00:00 GMT+0700 (Western Indonesia Time),14587
Fri Aug 07 2020 00:00:00 GMT+0700 (Western Indonesia Time),14647
Mon Aug 10 2020 00:00:00 GMT+0700 (Western Indonesia Time),14750
Tue Aug 11 2020 00:00:00 GMT+0700 (Western Indonesia Time),14728
Wed Aug 12 2020 00:00:00 GMT+0700 (Western Indonesia Time),14777
Thu Aug 13 2020 00:00:00 GMT+0700 (Western Indonesia Time),14877
Fri Aug 14 2020 00:00:00 GMT+0700 (Western Indonesia Time),14917
Tue Aug 18 2020 00:00:00 GMT+0700 (Western Indonesia Time),14907
Wed Aug 19 2020 00:00:00 GMT+0700 (Western Indonesia Time),14786
Mon Aug 24 2020 00:00:00 GMT+0700 (Western Indonesia Time),14794
Tue Aug 25 2020 00:00:00 GMT+0700 (Western Indonesia Time),14632
Wed Aug 26 2020 00:00:00 GMT+0700 (Western Indonesia Time),14636
Thu Aug 27 2020 00:00:00 GMT+0700 (Western Indonesia Time),14714
Fri Aug 28 2020 00:00:00 GMT+0700 (Western Indonesia Time),14702
Mon Aug 31 2020 00:00:00 GMT+0700 (Western Indonesia Time),14554
Tue Sep 01 2020 00:00:00 GMT+0700 (Western Indonesia Time),14615
Wed Sep 02 2020 00:00:00 GMT+0700 (Western Indonesia Time),14804
Thu Sep 03 2020 00:00:00 GMT+0700 (Western Indonesia Time),14818
Fri Sep 04 2020 00:00:00 GMT+0700 (Western Indonesia Time),14792
Mon Sep 07 2020 00:00:00 GMT+0700 (Western Indonesia Time),14754
Tue Sep 08 2020 00:00:00 GMT+0700 (Western Indonesia Time),14798
Wed Sep 09 2020 00:00:00 GMT+0700 (Western Indonesia Time),14853
Thu Sep 10 2020 00:00:00 GMT+0700 (Western Indonesia Time),14871
Fri Sep 11 2020 00:00:00 GMT+0700 (Western Indonesia Time),14979
Mon Sep 14 2020 00:00:00 GMT+0700 (Western Indonesia Time),14974
Tue Sep 15 2020 00:00:00 GMT+0700 (Western Indonesia Time),14870
Wed Sep 16 2020 00:00:00 GMT+0700 (Western Indonesia Time),14844
Thu Sep 17 2020 00:00:00 GMT+0700 (Western Indonesia Time),14878
Fri Sep 18 2020 00:00:00 GMT+0700 (Western Indonesia Time),14768
Mon Sep 21 2020 00:00:00 GMT+0700 (Western Indonesia Time),14723
Tue Sep 22 2020 00:00:00 GMT+0700 (Western Indonesia Time),14782
Wed Sep 23 2020 00:00:00 GMT+0700 (Western Indonesia Time),14835
Thu Sep 24 2020 00:00:00 GMT+0700 (Western Indonesia Time),14949
Fri Sep 25 2020 00:00:00 GMT+0700 (Western Indonesia Time),14951
Mon Sep 28 2020 00:00:00 GMT+0700 (Western Indonesia Time),14959
Tue Sep 29 2020 00:00:00 GMT+0700 (Western Indonesia Time),14920
Wed Sep 30 2020 00:00:00 GMT+0700 (Western Indonesia Time),14918
Thu Oct 01 2020 00:00:00 GMT+0700 (Western Indonesia Time),14876
Fri Oct 02 2020 00:00:00 GMT+0700 (Western Indonesia Time),14890
Mon Oct 05 2020 00:00:00 GMT+0700 (Western Indonesia Time),14867
Tue Oct 06 2020 00:00:00 GMT+0700 (Western Indonesia Time),14712
Wed Oct 07 2020 00:00:00 GMT+0700 (Western Indonesia Time),14784
Thu Oct 08 2020 00:00:00 GMT+0700 (Western Indonesia Time),14750
Fri Oct 09 2020 00:00:00 GMT+0700 (Western Indonesia Time),14737
Mon Oct 12 2020 00:00:00 GMT+0700 (Western Indonesia Time),14746
Tue Oct 13 2020 00:00:00 GMT+0700 (Western Indonesia Time),14793
Wed Oct 14 2020 00:00:00 GMT+0700 (Western Indonesia Time),14780
Thu Oct 15 2020 00:00:00 GMT+0700 (Western Indonesia Time),14760
Fri Oct 16 2020 00:00:00 GMT+0700 (Western Indonesia Time),14766
Mon Oct 19 2020 00:00:00 GMT+0700 (Western Indonesia Time),14741
Tue Oct 20 2020 00:00:00 GMT+0700 (Western Indonesia Time),14729
Wed Oct 21 2020 00:00:00 GMT+0700 (Western Indonesia Time),14658
Thu Oct 22 2020 00:00:00 GMT+0700 (Western Indonesia Time),14697
Fri Oct 23 2020 00:00:00 GMT+0700 (Western Indonesia Time),14738
Mon Oct 26 2020 00:00:00 GMT+0700 (Western Indonesia Time),14697
Tue Oct 27 2020 00:00:00 GMT+0700 (Western Indonesia Time),14690
Mon Nov 02 2020 00:00:00 GMT+0700 (Western Indonesia Time),14718
Tue Nov 03 2020 00:00:00 GMT+0700 (Western Indonesia Time),14609
Wed Nov 04 2020 00:00:00 GMT+0700 (Western Indonesia Time),14557
Thu Nov 05 2020 00:00:00 GMT+0700 (Western Indonesia Time),14439
Fri Nov 06 2020 00:00:00 GMT+0700 (Western Indonesia Time),14321
Mon Nov 09 2020 00:00:00 GMT+0700 (Western Indonesia Time),14172
Tue Nov 10 2020 00:00:00 GMT+0700 (Western Indonesia Time),14015
Wed Nov 11 2020 00:00:00 GMT+0700 (Western Indonesia Time),14076
Thu Nov 12 2020 00:00:00 GMT+0700 (Western Indonesia Time),14187
Fri Nov 13 2020 00:00:00 GMT+0700 (Western Indonesia Time),14222
Mon Nov 16 2020 00:00:00 GMT+0700 (Western Indonesia Time),14139
Tue Nov 17 2020 00:00:00 GMT+0700 (Western Indonesia Time),14073
Wed Nov 18 2020 00:00:00 GMT+0700 (Western Indonesia Time),14118
Thu Nov 19 2020 00:00:00 GMT+0700 (Western Indonesia Time),14167
Fri Nov 20 2020 00:00:00 GMT+0700 (Western Indonesia Time),14228
Mon Nov 23 2020 00:00:00 GMT+0700 (Western Indonesia Time),14164
Tue Nov 24 2020 00:00:00 GMT+0700 (Western Indonesia Time),14196
Wed Nov 25 2020 00:00:00 GMT+0700 (Western Indonesia Time),14169
Thu Nov 26 2020 00:00:00 GMT+0700 (Western Indonesia Time),14130
Fri Nov 27 2020 00:00:00 GMT+0700 (Western Indonesia Time),14145
Mon Nov 30 2020 00:00:00 GMT+0700 (Western Indonesia Time),14128
Tue Dec 01 2020 00:00:00 GMT+0700 (Western Indonesia Time),14178
Wed Dec 02 2020 00:00:00 GMT+0700 (Western Indonesia Time),14164
Thu Dec 03 2020 00:00:00 GMT+0700 (Western Indonesia Time),14177
Fri Dec 04 2020 00:00:00 GMT+0700 (Western Indonesia Time),14182
Mon Dec 07 2020 00:00:00 GMT+0700 (Western Indonesia Time),14135
Tue Dec 08 2020 00:00:00 GMT+0700 (Western Indonesia Time),14164
Thu Dec 10 2020 00:00:00 GMT+0700 (Western Indonesia Time),14130
Fri Dec 11 2020 00:00:00 GMT+0700 (Western Indonesia Time),14102
Mon Dec 14 2020 00:00:00 GMT+0700 (Western Indonesia Time),14158
Tue Dec 15 2020 00:00:00 GMT+0700 (Western Indonesia Time),14171
Wed Dec 16 2020 00:00:00 GMT+0700 (Western Indonesia Time),14151
Thu Dec 17 2020 00:00:00 GMT+0700 (Western Indonesia Time),14152
Fri Dec 18 2020 00:00:00 GMT+0700 (Western Indonesia Time),14146
Mon Dec 21 2020 00:00:00 GMT+0700 (Western Indonesia Time),14180
Tue Dec 22 2020 00:00:00 GMT+0700 (Western Indonesia Time),14218
Wed Dec 23 2020 00:00:00 GMT+0700 (Western Indonesia Time),14282
Mon Dec 28 2020 00:00:00 GMT+0700 (Western Indonesia Time),14184
Tue Dec 29 2020 00:00:00 GMT+0700 (Western Indonesia Time),14169
Wed Dec 30 2020 00:00:00 GMT+0700 (Western Indonesia Time),14105
Mon Jan 04 2021 00:00:00 GMT+0700 (Western Indonesia Time),13903
Tue Jan 05 2021 00:00:00 GMT+0700 (Western Indonesia Time),13945
Wed Jan 06 2021 00:00:00 GMT+0700 (Western Indonesia Time),13926
Thu Jan 07 2021 00:00:00 GMT+0700 (Western Indonesia Time),13938
Fri Jan 08 2021 00:00:00 GMT+0700 (Western Indonesia Time),14058
Mon Jan 11 2021 00:00:00 GMT+0700 (Western Indonesia Time),14155
Tue Jan 12 2021 00:00:00 GMT+0700 (Western Indonesia Time),14231
Wed Jan 13 2021 00:00:00 GMT+0700 (Western Indonesia Time),14109
Thu Jan 14 2021 00:00:00 GMT+0700 (Western Indonesia Time),14119
Fri Jan 15 2021 00:00:00 GMT+0700 (Western Indonesia Time),14068
Mon Jan 18 2021 00:00:00 GMT+0700 (Western Indonesia Time),14080
Tue Jan 19 2021 00:00:00 GMT+0700 (Western Indonesia Time),14086
Wed Jan 20 2021 00:00:00 GMT+0700 (Western Indonesia Time),14065
Thu Jan 21 2021 00:00:00 GMT+0700 (Western Indonesia Time),14039
Fri Jan 22 2021 00:00:00 GMT+0700 (Western Indonesia Time),14054
Mon Jan 25 2021 00:00:00 GMT+0700 (Western Indonesia Time),14082
Tue Jan 26 2021 00:00:00 GMT+0700 (Western Indonesia Time),14086
Wed Jan 27 2021 00:00:00 GMT+0700 (Western Indonesia Time),14091
Thu Jan 28 2021 00:00:00 GMT+0700 (Western Indonesia Time),14119
Fri Jan 29 2021 00:00:00 GMT+0700 (Western Indonesia Time),14084
Mon Feb 01 2021 00:00:00 GMT+0700 (Western Indonesia Time),14042
Tue Feb 02 2021 00:00:00 GMT+0700 (Western Indonesia Time),14044
Wed Feb 03 2021 00:00:00 GMT+0700 (Western Indonesia Time),14017
Thu Feb 04 2021 00:00:00 GMT+0700 (Western Indonesia Time),14036
Fri Feb 05 2021 00:00:00 GMT+0700 (Western Indonesia Time),14062
Mon Feb 08 2021 00:00:00 GMT+0700 (Western Indonesia Time),14000
Tue Feb 09 2021 00:00:00 GMT+0700 (Western Indonesia Time),14000
Wed Feb 10 2021 00:00:00 GMT+0700 (Western Indonesia Time),13989
Thu Feb 11 2021 00:00:00 GMT+0700 (Western Indonesia Time),14011
Mon Feb 15 2021 00:00:00 GMT+0700 (Western Indonesia Time),13946
Tue Feb 16 2021 00:00:00 GMT+0700 (Western Indonesia Time),13875
Wed Feb 17 2021 00:00:00 GMT+0700 (Western Indonesia Time),14019
Thu Feb 18 2021 00:00:00 GMT+0700 (Western Indonesia Time),14059
Fri Feb 19 2021 00:00:00 GMT+0700 (Western Indonesia Time),14085
Mon Feb 22 2021 00:00:00 GMT+0700 (Western Indonesia Time),14098
Tue Feb 23 2021 00:00:00 GMT+0700 (Western Indonesia Time),14126
Wed Feb 24 2021 00:00:00 GMT+0700 (Western Indonesia Time),14089
Thu Feb 25 2021 00:00:00 GMT+0700 (Western Indonesia Time),14104
Fri Feb 26 2021 00:00:00 GMT+0700 (Western Indonesia Time),14229
Mon Mar 01 2021 00:00:00 GMT+0700 (Western Indonesia Time),14300
Tue Mar 02 2021 00:00:00 GMT+0700 (Western Indonesia Time),14307
Wed Mar 03 2021 00:00:00 GMT+0700 (Western Indonesia Time),14334
Thu Mar 04 2021 00:00:00 GMT+0700 (Western Indonesia Time),14299
Fri Mar 05 2021 00:00:00 GMT+0700 (Western Indonesia Time),14371
Mon Mar 08 2021 00:00:00 GMT+0700 (Western Indonesia Time),14390
Tue Mar 09 2021 00:00:00 GMT+0700 (Western Indonesia Time),14468
Wed Mar 10 2021 00:00:00 GMT+0700 (Western Indonesia Time),14421
Fri Mar 12 2021 00:00:00 GMT+0700 (Western Indonesia Time),14371
Mon Mar 15 2021 00:00:00 GMT+0700 (Western Indonesia Time),14418
Tue Mar 16 2021 00:00:00 GMT+0700 (Western Indonesia Time),14424
Wed Mar 17 2021 00:00:00 GMT+0700 (Western Indonesia Time),14459
Thu Mar 18 2021 00:00:00 GMT+0700 (Western Indonesia Time),14412
Fri Mar 19 2021 00:00:00 GMT+0700 (Western Indonesia Time),14476
Mon Mar 22 2021 00:00:00 GMT+0700 (Western Indonesia Time),14456
Tue Mar 23 2021 00:00:00 GMT+0700 (Western Indonesia Time),14421
Wed Mar 24 2021 00:00:00 GMT+0700 (Western Indonesia Time),14455
Thu Mar 25 2021 00:00:00 GMT+0700 (Western Indonesia Time),14464
Fri Mar 26 2021 00:00:00 GMT+0700 (Western Indonesia Time),14446
Mon Mar 29 2021 00:00:00 GMT+0700 (Western Indonesia Time),14434
Tue Mar 30 2021 00:00:00 GMT+0700 (Western Indonesia Time),14481
Wed Mar 31 2021 00:00:00 GMT+0700 (Western Indonesia Time),14572
Thu Apr 01 2021 00:00:00 GMT+0700 (Western Indonesia Time),14577
Mon Apr 05 2021 00:00:00 GMT+0700 (Western Indonesia Time),14533
Tue Apr 06 2021 00:00:00 GMT+0700 (Western Indonesia Time),14519
Wed Apr 07 2021 00:00:00 GMT+0700 (Western Indonesia Time),14513
Thu Apr 08 2021 00:00:00 GMT+0700 (Western Indonesia Time),14580
Fri Apr 09 2021 00:00:00 GMT+0700 (Western Indonesia Time),14580
Mon Apr 12 2021 00:00:00 GMT+0700 (Western Indonesia Time),14631
Tue Apr 13 2021 00:00:00 GMT+0700 (Western Indonesia Time),14648
Wed Apr 14 2021 00:00:00 GMT+0700 (Western Indonesia Time),14633
Thu Apr 15 2021 00:00:00 GMT+0700 (Western Indonesia Time),14646
Fri Apr 16 2021 00:00:00 GMT+0700 (Western Indonesia Time),14592
Mon Apr 19 2021 00:00:00 GMT+0700 (Western Indonesia Time),14568
Tue Apr 20 2021 00:00:00 GMT+0700 (Western Indonesia Time),14508
Wed Apr 21 2021 00:00:00 GMT+0700 (Western Indonesia Time),14549
Thu Apr 22 2021 00:00:00 GMT+0700 (Western Indonesia Time),14530
Fri Apr 23 2021 00:00:00 GMT+0700 (Western Indonesia Time),14548
Mon Apr 26 2021 00:00:00 GMT+0700 (Western Indonesia Time),14489
Tue Apr 27 2021 00:00:00 GMT+0700 (Western Indonesia Time),14497
Wed Apr 28 2021 00:00:00 GMT+0700 (Western Indonesia Time),14510
Thu Apr 29 2021 00:00:00 GMT+0700 (Western Indonesia Time),14468
Fri Apr 30 2021 00:00:00 GMT+0700 (Western Indonesia Time),14453
Mon May 03 2021 00:00:00 GMT+0700 (Western Indonesia Time),14467
Tue May 04 2021 00:00:00 GMT+0700 (Western Indonesia Time),14431
Wed May 05 2021 00:00:00 GMT+0700 (Western Indonesia Time),14439
Thu May 06 2021 00:00:00 GMT+0700 (Western Indonesia Time),14364
Fri May 07 2021 00:00:00 GMT+0700 (Western Indonesia Time),14289
Mon May 10 2021 00:00:00 GMT+0700 (Western Indonesia Time),14198
Tue May 11 2021 00:00:00 GMT+0700 (Western Indonesia Time),14203
Mon May 17 2021 00:00:00 GMT+0700 (Western Indonesia Time),14284
Tue May 18 2021 00:00:00 GMT+0700 (Western Indonesia Time),14300
Wed May 19 2021 00:00:00 GMT+0700 (Western Indonesia Time),14313
Thu May 20 2021 00:00:00 GMT+0700 (Western Indonesia Time),14396
Fri May 21 2021 00:00:00 GMT+0700 (Western Indonesia Time),14375
Mon May 24 2021 00:00:00 GMT+0700 (Western Indonesia Time),14362
Tue May 25 2021 00:00:00 GMT+0700 (Western Indonesia Time),14335
Thu May 27 2021 00:00:00 GMT+0700 (Western Indonesia Time),14312
Fri May 28 2021 00:00:00 GMT+0700 (Western Indonesia Time),14310
Mon May 31 2021 00:00:00 GMT+0700 (Western Indonesia Time),14292
Wed Jun 02 2021 00:00:00 GMT+0700 (Western Indonesia Time),14276
Thu Jun 03 2021 00:00:00 GMT+0700 (Western Indonesia Time),14297
Fri Jun 04 2021 00:00:00 GMT+0700 (Western Indonesia Time),14316
Mon Jun 07 2021 00:00:00 GMT+0700 (Western Indonesia Time),14271
Tue Jun 08 2021 00:00:00 GMT+0700 (Western Indonesia Time),14262
Wed Jun 09 2021 00:00:00 GMT+0700 (Western Indonesia Time),14262
Thu Jun 10 2021 00:00:00 GMT+0700 (Western Indonesia Time),14240
Fri Jun 11 2021 00:00:00 GMT+0700 (Western Indonesia Time),14206
Mon Jun 14 2021 00:00:00 GMT+0700 (Western Indonesia Time),14222
Tue Jun 15 2021 00:00:00 GMT+0700 (Western Indonesia Time),14244
Wed Jun 16 2021 00:00:00 GMT+0700 (Western Indonesia Time),14257
Thu Jun 17 2021 00:00:00 GMT+0700 (Western Indonesia Time),14378
Fri Jun 18 2021 00:00:00 GMT+0700 (Western Indonesia Time),14403
Mon Jun 21 2021 00:00:00 GMT+0700 (Western Indonesia Time),14453
Tue Jun 22 2021 00:00:00 GMT+0700 (Western Indonesia Time),14421
Wed Jun 23 2021 00:00:00 GMT+0700 (Western Indonesia Time),14454
Thu Jun 24 2021 00:00:00 GMT+0700 (Western Indonesia Time),14462
Fri Jun 25 2021 00:00:00 GMT+0700 (Western Indonesia Time),14447
Mon Jun 28 2021 00:00:00 GMT+0700 (Western Indonesia Time),14472
Tue Jun 29 2021 00:00:00 GMT+0700 (Western Indonesia Time),14496
Wed Jun 30 2021 00:00:00 GMT+0700 (Western Indonesia Time),14542
Thu Jul 01 2021 00:00:00 GMT+0700 (Western Indonesia Time),14539
Fri Jul 02 2021 00:00:00 GMT+0700 (Western Indonesia Time),14564
Mon Jul 05 2021 00:00:00 GMT+0700 (Western Indonesia Time),14482
Tue Jul 06 2021 00:00:00 GMT+0700 (Western Indonesia Time),14468
Wed Jul 07 2021 00:00:00 GMT+0700 (Western Indonesia Time),14500
Thu Jul 08 2021 00:00:00 GMT+0700 (Western Indonesia Time),14548
Fri Jul 09 2021 00:00:00 GMT+0700 (Western Indonesia Time),14548
Mon Jul 12 2021 00:00:00 GMT+0700 (Western Indonesia Time),14486
Tue Jul 13 2021 00:00:00 GMT+0700 (Western Indonesia Time),14486
Wed Jul 14 2021 00:00:00 GMT+0700 (Western Indonesia Time),14493
Thu Jul 15 2021 00:00:00 GMT+0700 (Western Indonesia Time),14503
Fri Jul 16 2021 00:00:00 GMT+0700 (Western Indonesia Time),14517
Mon Jul 19 2021 00:00:00 GMT+0700 (Western Indonesia Time),14524
Wed Jul 21 2021 00:00:00 GMT+0700 (Western Indonesia Time),14554
Thu Jul 22 2021 00:00:00 GMT+0700 (Western Indonesia Time),14508
Fri Jul 23 2021 00:00:00 GMT+0700 (Western Indonesia Time),14501
Mon Jul 26 2021 00:00:00 GMT+0700 (Western Indonesia Time),14494
Tue Jul 27 2021 00:00:00 GMT+0700 (Western Indonesia Time),14489
Wed Jul 28 2021 00:00:00 GMT+0700 (Western Indonesia Time),14498
Thu Jul 29 2021 00:00:00 GMT+0700 (Western Indonesia Time),14491
Fri Jul 30 2021 00:00:00 GMT+0700 (Western Indonesia Time),14462
Mon Aug 02 2021 00:00:00 GMT+0700 (Western Indonesia Time),14456
Tue Aug 03 2021 00:00:00 GMT+0700 (Western Indonesia Time),14362
Wed Aug 04 2021 00:00:00 GMT+0700 (Western Indonesia Time),14324
Thu Aug 05 2021 00:00:00 GMT+0700 (Western Indonesia Time),14342
Fri Aug 06 2021 00:00:00 GMT+0700 (Western Indonesia Time),14369
Mon Aug 09 2021 00:00:00 GMT+0700 (Western Indonesia Time),14378
Tue Aug 10 2021 00:00:00 GMT+0700 (Western Indonesia Time),14397
Thu Aug 12 2021 00:00:00 GMT+0700 (Western Indonesia Time),14389
Fri Aug 13 2021 00:00:00 GMT+0700 (Western Indonesia Time),14388
Mon Aug 16 2021 00:00:00 GMT+0700 (Western Indonesia Time),14383
Wed Aug 18 2021 00:00:00 GMT+0700 (Western Indonesia Time),14384
Thu Aug 19 2021 00:00:00 GMT+0700 (Western Indonesia Time),14414
Fri Aug 20 2021 00:00:00 GMT+0700 (Western Indonesia Time),14464
Mon Aug 23 2021 00:00:00 GMT+0700 (Western Indonesia Time),14415
Tue Aug 24 2021 00:00:00 GMT+0700 (Western Indonesia Time),14391
Wed Aug 25 2021 00:00:00 GMT+0700 (Western Indonesia Time),14408
Thu Aug 26 2021 00:00:00 GMT+0700 (Western Indonesia Time),14423
Fri Aug 27 2021 00:00:00 GMT+0700 (Western Indonesia Time),14431
Mon Aug 30 2021 00:00:00 GMT+0700 (Western Indonesia Time),14374
Tue Aug 31 2021 00:00:00 GMT+0700 (Western Indonesia Time),14306
Wed Sep 01 2021 00:00:00 GMT+0700 (Western Indonesia Time),14284
Thu Sep 02 2021 00:00:00 GMT+0700 (Western Indonesia Time),14281
Fri Sep 03 2021 00:00:00 GMT+0700 (Western Indonesia Time),14261
Mon Sep 06 2021 00:00:00 GMT+0700 (Western Indonesia Time),14239
Tue Sep 07 2021 00:00:00 GMT+0700 (Western Indonesia Time),14195
Wed Sep 08 2021 00:00:00 GMT+0700 (Western Indonesia Time),14266
Thu Sep 09 2021 00:00:00 GMT+0700 (Western Indonesia Time),14272
Fri Sep 10 2021 00:00:00 GMT+0700 (Western Indonesia Time),14225
Mon Sep 13 2021 00:00:00 GMT+0700 (Western Indonesia Time),14260
Tue Sep 14 2021 00:00:00 GMT+0700 (Western Indonesia Time),14257
Wed Sep 15 2021 00:00:00 GMT+0700 (Western Indonesia Time),14252
Thu Sep 16 2021 00:00:00 GMT+0700 (Western Indonesia Time),14238
Fri Sep 17 2021 00:00:00 GMT+0700 (Western Indonesia Time),14233
Mon Sep 20 2021 00:00:00 GMT+0700 (Western Indonesia Time),14251
Tue Sep 21 2021 00:00:00 GMT+0700 (Western Indonesia Time),14244
Wed Sep 22 2021 00:00:00 GMT+0700 (Western Indonesia Time),14249
Thu Sep 23 2021 00:00:00 GMT+0700 (Western Indonesia Time),14256
Fri Sep 24 2021 00:00:00 GMT+0700 (Western Indonesia Time),14250
Mon Sep 27 2021 00:00:00 GMT+0700 (Western Indonesia Time),14258
Tue Sep 28 2021 00:00:00 GMT+0700 (Western Indonesia Time),14269
Wed Sep 29 2021 00:00:00 GMT+0700 (Western Indonesia Time),14307
Thu Sep 30 2021 00:00:00 GMT+0700 (Western Indonesia Time),14321
Fri Oct 01 2021 00:00:00 GMT+0700 (Western Indonesia Time),14315
Mon Oct 04 2021 00:00:00 GMT+0700 (Western Indonesia Time),14276
Tue Oct 05 2021 00:00:00 GMT+0700 (Western Indonesia Time),14260
Wed Oct 06 2021 00:00:00 GMT+0700 (Western Indonesia Time),14245
Thu Oct 07 2021 00:00:00 GMT+0700 (Western Indonesia Time),14238
Fri Oct 08 2021 00:00:00 GMT+0700 (Western Indonesia Time),14225
Mon Oct 11 2021 00:00:00 GMT+0700 (Western Indonesia Time),14210
Tue Oct 12 2021 00:00:00 GMT+0700 (Western Indonesia Time),14217
Wed Oct 13 2021 00:00:00 GMT+0700 (Western Indonesia Time),14221
Thu Oct 14 2021 00:00:00 GMT+0700 (Western Indonesia Time),14155
Fri Oct 15 2021 00:00:00 GMT+0700 (Western Indonesia Time),14084
Mon Oct 18 2021 00:00:00 GMT+0700 (Western Indonesia Time),14096
Tue Oct 19 2021 00:00:00 GMT+0700 (Western Indonesia Time),14080
Thu Oct 21 2021 00:00:00 GMT+0700 (Western Indonesia Time),14133
Fri Oct 22 2021 00:00:00 GMT+0700 (Western Indonesia Time),14162
Mon Oct 25 2021 00:00:00 GMT+0700 (Western Indonesia Time),14183
Tue Oct 26 2021 00:00:00 GMT+0700 (Western Indonesia Time),14165
Wed Oct 27 2021 00:00:00 GMT+0700 (Western Indonesia Time),14184
Thu Oct 28 2021 00:00:00 GMT+0700 (Western Indonesia Time),14199
Fri Oct 29 2021 00:00:00 GMT+0700 (Western Indonesia Time),14171
Mon Nov 01 2021 00:00:00 GMT+0700 (Western Indonesia Time),14235
Tue Nov 02 2021 00:00:00 GMT+0700 (Western Indonesia Time),14261
Wed Nov 03 2021 00:00:00 GMT+0700 (Western Indonesia Time),14301
Thu Nov 04 2021 00:00:00 GMT+0700 (Western Indonesia Time),14327
Fri Nov 05 2021 00:00:00 GMT+0700 (Western Indonesia Time),14374
Mon Nov 08 2021 00:00:00 GMT+0700 (Western Indonesia Time),14268
Tue Nov 09 2021 00:00:00 GMT+0700 (Western Indonesia Time),14233
Wed Nov 10 2021 00:00:00 GMT+0700 (Western Indonesia Time),14253
Thu Nov 11 2021 00:00:00 GMT+0700 (Western Indonesia Time),14288
Fri Nov 12 2021 00:00:00 GMT+0700 (Western Indonesia Time),14243
Mon Nov 15 2021 00:00:00 GMT+0700 (Western Indonesia Time),14206
Tue Nov 16 2021 00:00:00 GMT+0700 (Western Indonesia Time),14211
Wed Nov 17 2021 00:00:00 GMT+0700 (Western Indonesia Time),14259
Thu Nov 18 2021 00:00:00 GMT+0700 (Western Indonesia Time),14231
Fri Nov 19 2021 00:00:00 GMT+0700 (Western Indonesia Time),14237
Mon Nov 22 2021 00:00:00 GMT+0700 (Western Indonesia Time),14255
Tue Nov 23 2021 00:00:00 GMT+0700 (Western Indonesia Time),14272
Wed Nov 24 2021 00:00:00 GMT+0700 (Western Indonesia Time),14272
Thu Nov 25 2021 00:00:00 GMT+0700 (Western Indonesia Time),14280
Fri Nov 26 2021 00:00:00 GMT+0700 (Western Indonesia Time),14280
Mon Nov 29 2021 00:00:00 GMT+0700 (Western Indonesia Time),14340
Tue Nov 30 2021 00:00:00 GMT+0700 (Western Indonesia Time),14320
Wed Dec 01 2021 00:00:00 GMT+0700 (Western Indonesia Time),14353
Thu Dec 02 2021 00:00:00 GMT+0700 (Western Indonesia Time),14378
Fri Dec 03 2021 00:00:00 GMT+0700 (Western Indonesia Time),14408
Mon Dec 06 2021 00:00:00 GMT+0700 (Western Indonesia Time),14441
Tue Dec 07 2021 00:00:00 GMT+0700 (Western Indonesia Time),14408
Wed Dec 08 2021 00:00:00 GMT+0700 (Western Indonesia Time),14348
Thu Dec 09 2021 00:00:00 GMT+0700 (Western Indonesia Time),14351
Fri Dec 10 2021 00:00:00 GMT+0700 (Western Indonesia Time),14378
Mon Dec 13 2021 00:00:00 GMT+0700 (Western Indonesia Time),14346
Tue Dec 14 2021 00:00:00 GMT+0700 (Western Indonesia Time),14348
Wed Dec 15 2021 00:00:00 GMT+0700 (Western Indonesia Time),14337
Thu Dec 16 2021 00:00:00 GMT+0700 (Western Indonesia Time),14343
Fri Dec 17 2021 00:00:00 GMT+0700 (Western Indonesia Time),14343
Mon Dec 20 2021 00:00:00 GMT+0700 (Western Indonesia Time),14384
Tue Dec 21 2021 00:00:00 GMT+0700 (Western Indonesia Time),14349
Wed Dec 22 2021 00:00:00 GMT+0700 (Western Indonesia Time),14264
Thu Dec 23 2021 00:00:00 GMT+0700 (Western Indonesia Time),14251
Fri Dec 24 2021 00:00:00 GMT+0700 (Western Indonesia Time),14219
Mon Dec 27 2021 00:00:00 GMT+0700 (Western Indonesia Time),14225
Tue Dec 28 2021 00:00:00 GMT+0700 (Western Indonesia Time),14237
Wed Dec 29 2021 00:00:00 GMT+0700 (Western Indonesia Time),14265
Thu Dec 30 2021 00:00:00 GMT+0700 (Western Indonesia Time),14269
Fri Dec 31 2021 00:00:00 GMT+0700 (Western Indonesia Time),14278
Mon Jan 03 2022 00:00:00 GMT+0700 (Western Indonesia Time),14270
Tue Jan 04 2022 00:00:00 GMT+0700 (Western Indonesia Time),14310
Wed Jan 05 2022 00:00:00 GMT+0700 (Western Indonesia Time),14365
Thu Jan 06 2022 00:00:00 GMT+0700 (Western Indonesia Time),14396
Fri Jan 07 2022 00:00:00 GMT+0700 (Western Indonesia Time),14360
Mon Jan 10 2022 00:00:00 GMT+0700 (Western Indonesia Time),14323
Tue Jan 11 2022 00:00:00 GMT+0700 (Western Indonesia Time),14299
Wed Jan 12 2022 00:00:00 GMT+0700 (Western Indonesia Time),14302
Thu Jan 13 2022 00:00:00 GMT+0700 (Western Indonesia Time),14311
Fri Jan 14 2022 00:00:00 GMT+0700 (Western Indonesia Time),14310
Mon Jan 17 2022 00:00:00 GMT+0700 (Western Indonesia Time),14323
Tue Jan 18 2022 00:00:00 GMT+0700 (Western Indonesia Time),14325
Wed Jan 19 2022 00:00:00 GMT+0700 (Western Indonesia Time),14370
Thu Jan 20 2022 00:00:00 GMT+0700 (Western Indonesia Time),14354
Fri Jan 21 2022 00:00:00 GMT+0700 (Western Indonesia Time),14347
Mon Jan 24 2022 00:00:00 GMT+0700 (Western Indonesia Time),14327
Tue Jan 25 2022 00:00:00 GMT+0700 (Western Indonesia Time),14358
Wed Jan 26 2022 00:00:00 GMT+0700 (Western Indonesia Time),14346
Thu Jan 27 2022 00:00:00 GMT+0700 (Western Indonesia Time),14385
Fri Jan 28 2022 00:00:00 GMT+0700 (Western Indonesia Time),14381
Mon Jan 31 2022 00:00:00 GMT+0700 (Western Indonesia Time),14392
Wed Feb 02 2022 00:00:00 GMT+0700 (Western Indonesia Time),14347
Thu Feb 03 2022 00:00:00 GMT+0700 (Western Indonesia Time),14381
Fri Feb 04 2022 00:00:00 GMT+0700 (Western Indonesia Time),14376
Mon Feb 07 2022 00:00:00 GMT+0700 (Western Indonesia Time),14404
Tue Feb 08 2022 00:00:00 GMT+0700 (Western Indonesia Time),14385
Wed Feb 09 2022 00:00:00 GMT+0700 (Western Indonesia Time),14366
Thu Feb 10 2022 00:00:00 GMT+0700 (Western Indonesia Time),14344
Fri Feb 11 2022 00:00:00 GMT+0700 (Western Indonesia Time),14359
Mon Feb 14 2022 00:00:00 GMT+0700 (Western Indonesia Time),14338
Tue Feb 15 2022 00:00:00 GMT+0700 (Western Indonesia Time),14292
Wed Feb 16 2022 00:00:00 GMT+0700 (Western Indonesia Time),14278
Thu Feb 17 2022 00:00:00 GMT+0700 (Western Indonesia Time),14301
Fri Feb 18 2022 00:00:00 GMT+0700 (Western Indonesia Time),14339
Mon Feb 21 2022 00:00:00 GMT+0700 (Western Indonesia Time),14329
Tue Feb 22 2022 00:00:00 GMT+0700 (Western Indonesia Time),14362
Wed Feb 23 2022 00:00:00 GMT+0700 (Western Indonesia Time),14355
Thu Feb 24 2022 00:00:00 GMT+0700 (Western Indonesia Time),14371
Fri Feb 25 2022 00:00:00 GMT+0700 (Western Indonesia Time),14369
Tue Mar 01 2022 00:00:00 GMT+0700 (Western Indonesia Time),14350
Wed Mar 02 2022 00:00:00 GMT+0700 (Western Indonesia Time),14373
Fri Mar 04 2022 00:00:00 GMT+0700 (Western Indonesia Time),14383
Mon Mar 07 2022 00:00:00 GMT+0700 (Western Indonesia Time),14411
Tue Mar 08 2022 00:00:00 GMT+0700 (Western Indonesia Time),14394
Wed Mar 09 2022 00:00:00 GMT+0700 (Western Indonesia Time),14371
Thu Mar 10 2022 00:00:00 GMT+0700 (Western Indonesia Time),14298
Fri Mar 11 2022 00:00:00 GMT+0700 (Western Indonesia Time),14306
Mon Mar 14 2022 00:00:00 GMT+0700 (Western Indonesia Time),14328
Tue Mar 15 2022 00:00:00 GMT+0700 (Western Indonesia Time),14321
Wed Mar 16 2022 00:00:00 GMT+0700 (Western Indonesia Time),14311
Thu Mar 17 2022 00:00:00 GMT+0700 (Western Indonesia Time),14290
Fri Mar 18 2022 00:00:00 GMT+0700 (Western Indonesia Time),14340
Mon Mar 21 2022 00:00:00 GMT+0700 (Western Indonesia Time),14341
Tue Mar 22 2022 00:00:00 GMT+0700 (Western Indonesia Time),14358
Wed Mar 23 2022 00:00:00 GMT+0700 (Western Indonesia Time),14351
Thu Mar 24 2022 00:00:00 GMT+0700 (Western Indonesia Time),14361
Fri Mar 25 2022 00:00:00 GMT+0700 (Western Indonesia Time),14341
Mon Mar 28 2022 00:00:00 GMT+0700 (Western Indonesia Time),14360
Tue Mar 29 2022 00:00:00 GMT+0700 (Western Indonesia Time),14364
Wed Mar 30 2022 00:00:00 GMT+0700 (Western Indonesia Time),14349
Thu Mar 31 2022 00:00:00 GMT+0700 (Western Indonesia Time),14357
Fri Apr 01 2022 00:00:00 GMT+0700 (Western Indonesia Time),14364
Mon Apr 04 2022 00:00:00 GMT+0700 (Western Indonesia Time),14362
Tue Apr 05 2022 00:00:00 GMT+0700 (Western Indonesia Time),14348
Wed Apr 06 2022 00:00:00 GMT+0700 (Western Indonesia Time),14364
Thu Apr 07 2022 00:00:00 GMT+0700 (Western Indonesia Time),14359
Fri Apr 08 2022 00:00:00 GMT+0700 (Western Indonesia Time),14365
Mon Apr 11 2022 00:00:00 GMT+0700 (Western Indonesia Time),14370
Tue Apr 12 2022 00:00:00 GMT+0700 (Western Indonesia Time),14364
Wed Apr 13 2022 00:00:00 GMT+0700 (Western Indonesia Time),14359
Thu Apr 14 2022 00:00:00 GMT+0700 (Western Indonesia Time),14349
Mon Apr 18 2022 00:00:00 GMT+0700 (Western Indonesia Time),14356
Tue Apr 19 2022 00:00:00 GMT+0700 (Western Indonesia Time),14347
Wed Apr 20 2022 00:00:00 GMT+0700 (Western Indonesia Time),14351
Thu Apr 21 2022 00:00:00 GMT+0700 (Western Indonesia Time),14348
Fri Apr 22 2022 00:00:00 GMT+0700 (Western Indonesia Time),14361
Mon Apr 25 2022 00:00:00 GMT+0700 (Western Indonesia Time),14452
Tue Apr 26 2022 00:00:00 GMT+0700 (Western Indonesia Time),14412
Wed Apr 27 2022 00:00:00 GMT+0700 (Western Indonesia Time),14418
Thu Apr 28 2022 00:00:00 GMT+0700 (Western Indonesia Time),14480
Mon May 09 2022 00:00:00 GMT+0700 (Western Indonesia Time),14534
Tue May 10 2022 00:00:00 GMT+0700 (Western Indonesia Time),14546
Wed May 11 2022 00:00:00 GMT+0700 (Western Indonesia Time),14546
Thu May 12 2022 00:00:00 GMT+0700 (Western Indonesia Time),14585
Fri May 13 2022 00:00:00 GMT+0700 (Western Indonesia Time),14619
Tue May 17 2022 00:00:00 GMT+0700 (Western Indonesia Time),14651
Wed May 18 2022 00:00:00 GMT+0700 (Western Indonesia Time),14682
Thu May 19 2022 00:00:00 GMT+0700 (Western Indonesia Time),14731
Fri May 20 2022 00:00:00 GMT+0700 (Western Indonesia Time),14661
Mon May 23 2022 00:00:00 GMT+0700 (Western Indonesia Time),14665
Tue May 24 2022 00:00:00 GMT+0700 (Western Indonesia Time),14653
Wed May 25 2022 00:00:00 GMT+0700 (Western Indonesia Time),14645
Fri May 27 2022 00:00:00 GMT+0700 (Western Indonesia Time),14578
Mon May 30 2022 00:00:00 GMT+0700 (Western Indonesia Time),14544
Tue May 31 2022 00:00:00 GMT+0700 (Western Indonesia Time),14592
Thu Jun 02 2022 00:00:00 GMT+0700 (Western Indonesia Time),14526
Fri Jun 03 2022 00:00:00 GMT+0700 (Western Indonesia Time),14431
Mon Jun 06 2022 00:00:00 GMT+0700 (Western Indonesia Time),14462
Tue Jun 07 2022 00:00:00 GMT+0700 (Western Indonesia Time),14464
Wed Jun 08 2022 00:00:00 GMT+0700 (Western Indonesia Time),14477
Thu Jun 09 2022 00:00:00 GMT+0700 (Western Indonesia Time),14555
Fri Jun 10 2022 00:00:00 GMT+0700 (Western Indonesia Time),14569
Mon Jun 13 2022 00:00:00 GMT+0700 (Western Indonesia Time),14672
Tue Jun 14 2022 00:00:00 GMT+0700 (Western Indonesia Time),14729
Wed Jun 15 2022 00:00:00 GMT+0700 (Western Indonesia Time),14746
Thu Jun 16 2022 00:00:00 GMT+0700 (Western Indonesia Time),14741
Fri Jun 17 2022 00:00:00 GMT+0700 (Western Indonesia Time),14828
Mon Jun 20 2022 00:00:00 GMT+0700 (Western Indonesia Time),14836
Tue Jun 21 2022 00:00:00 GMT+0700 (Western Indonesia Time),14804
Wed Jun 22 2022 00:00:00 GMT+0700 (Western Indonesia Time),14860
Thu Jun 23 2022 00:00:00 GMT+0700 (Western Indonesia Time),14835
Fri Jun 24 2022 00:00:00 GMT+0700 (Western Indonesia Time),14846
Mon Jun 27 2022 00:00:00 GMT+0700 (Western Indonesia Time),14802
Tue Jun 28 2022 00:00:00 GMT+0700 (Western Indonesia Time),14837
Wed Jun 29 2022 00:00:00 GMT+0700 (Western Indonesia Time),14848
Thu Jun 30 2022 00:00:00 GMT+0700 (Western Indonesia Time),14882
Fri Jul 01 2022 00:00:00 GMT+0700 (Western Indonesia Time),14956
Mon Jul 04 2022 00:00:00 GMT+0700 (Western Indonesia Time),14960
Tue Jul 05 2022 00:00:00 GMT+0700 (Western Indonesia Time),14990
Wed Jul 06 2022 00:00:00 GMT+0700 (Western Indonesia Time),15015
Thu Jul 07 2022 00:00:00 GMT+0700 (Western Indonesia Time),14986
Fri Jul 08 2022 00:00:00 GMT+0700 (Western Indonesia Time),14981
Mon Jul 11 2022 00:00:00 GMT+0700 (Western Indonesia Time),14969
Tue Jul 12 2022 00:00:00 GMT+0700 (Western Indonesia Time),14993
Wed Jul 13 2022 00:00:00 GMT+0700 (Western Indonesia Time),14985
Thu Jul 14 2022 00:00:00 GMT+0700 (Western Indonesia Time),14999
Fri Jul 15 2022 00:00:00 GMT+0700 (Western Indonesia Time),14999
Mon Jul 18 2022 00:00:00 GMT+0700 (Western Indonesia Time),14986
Tue Jul 19 2022 00:00:00 GMT+0700 (Western Indonesia Time),14992
Wed Jul 20 2022 00:00:00 GMT+0700 (Western Indonesia Time),14984
Thu Jul 21 2022 00:00:00 GMT+0700 (Western Indonesia Time),15017
Fri Jul 22 2022 00:00:00 GMT+0700 (Western Indonesia Time),15024
Mon Jul 25 2022 00:00:00 GMT+0700 (Western Indonesia Time),14992
Tue Jul 26 2022 00:00:00 GMT+0700 (Western Indonesia Time),14984
Wed Jul 27 2022 00:00:00 GMT+0700 (Western Indonesia Time),15020
Thu Jul 28 2022 00:00:00 GMT+0700 (Western Indonesia Time),14958
Fri Jul 29 2022 00:00:00 GMT+0700 (Western Indonesia Time),14860
Mon Aug 01 2022 00:00:00 GMT+0700 (Western Indonesia Time),14874
Tue Aug 02 2022 00:00:00 GMT+0700 (Western Indonesia Time),14888
Wed Aug 03 2022 00:00:00 GMT+0700 (Western Indonesia Time),14917
Thu Aug 04 2022 00:00:00 GMT+0700 (Western Indonesia Time),14929
Fri Aug 05 2022 00:00:00 GMT+0700 (Western Indonesia Time),14904
Mon Aug 08 2022 00:00:00 GMT+0700 (Western Indonesia Time),14915
Tue Aug 09 2022 00:00:00 GMT+0700 (Western Indonesia Time),14862
Wed Aug 10 2022 00:00:00 GMT+0700 (Western Indonesia Time),14875
Thu Aug 11 2022 00:00:00 GMT+0700 (Western Indonesia Time),14799
Fri Aug 12 2022 00:00:00 GMT+0700 (Western Indonesia Time),14688
Mon Aug 15 2022 00:00:00 GMT+0700 (Western Indonesia Time),14727
Tue Aug 16 2022 00:00:00 GMT+0700 (Western Indonesia Time),14767
Thu Aug 18 2022 00:00:00 GMT+0700 (Western Indonesia Time),14822
Fri Aug 19 2022 00:00:00 GMT+0700 (Western Indonesia Time),14858
Mon Aug 22 2022 00:00:00 GMT+0700 (Western Indonesia Time),14882
Tue Aug 23 2022 00:00:00 GMT+0700 (Western Indonesia Time),14893
Wed Aug 24 2022 00:00:00 GMT+0700 (Western Indonesia Time),14851
Thu Aug 25 2022 00:00:00 GMT+0700 (Western Indonesia Time),14827
Fri Aug 26 2022 00:00:00 GMT+0700 (Western Indonesia Time),14814
Mon Aug 29 2022 00:00:00 GMT+0700 (Western Indonesia Time),14887
Tue Aug 30 2022 00:00:00 GMT+0700 (Western Indonesia Time),14875
Wed Aug 31 2022 00:00:00 GMT+0700 (Western Indonesia Time),14853
Thu Sep 01 2022 00:00:00 GMT+0700 (Western Indonesia Time),14884
Fri Sep 02 2022 00:00:00 GMT+0700 (Western Indonesia Time),14900
Mon Sep 05 2022 00:00:00 GMT+0700 (Western Indonesia Time),14920
Tue Sep 06 2022 00:00:00 GMT+0700 (Western Indonesia Time),14885
Wed Sep 07 2022 00:00:00 GMT+0700 (Western Indonesia Time),14927
Thu Sep 08 2022 00:00:00 GMT+0700 (Western Indonesia Time),14905
Fri Sep 09 2022 00:00:00 GMT+0700 (Western Indonesia Time),14846
Mon Sep 12 2022 00:00:00 GMT+0700 (Western Indonesia Time),14839
Tue Sep 13 2022 00:00:00 GMT+0700 (Western Indonesia Time),14861
Wed Sep 14 2022 00:00:00 GMT+0700 (Western Indonesia Time),14923
Thu Sep 15 2022 00:00:00 GMT+0700 (Western Indonesia Time),14899
Fri Sep 16 2022 00:00:00 GMT+0700 (Western Indonesia Time),14939
Mon Sep 19 2022 00:00:00 GMT+0700 (Western Indonesia Time),14980
Tue Sep 20 2022 00:00:00 GMT+0700 (Western Indonesia Time),14975
Wed Sep 21 2022 00:00:00 GMT+0700 (Western Indonesia Time),15011
Thu Sep 22 2022 00:00:00 GMT+0700 (Western Indonesia Time),15033
Fri Sep 23 2022 00:00:00 GMT+0700 (Western Indonesia Time),15035
Mon Sep 26 2022 00:00:00 GMT+0700 (Western Indonesia Time),15119
Tue Sep 27 2022 00:00:00 GMT+0700 (Western Indonesia Time),15155
Wed Sep 28 2022 00:00:00 GMT+0700 (Western Indonesia Time),15243
Thu Sep 29 2022 00:00:00 GMT+0700 (Western Indonesia Time),15247
Fri Sep 30 2022 00:00:00 GMT+0700 (Western Indonesia Time),15232
Mon Oct 03 2022 00:00:00 GMT+0700 (Western Indonesia Time),15293
Tue Oct 04 2022 00:00:00 GMT+0700 (Western Indonesia Time),15276
Wed Oct 05 2022 00:00:00 GMT+0700 (Western Indonesia Time),15196
Thu Oct 06 2022 00:00:00 GMT+0700 (Western Indonesia Time),15197
Fri Oct 07 2022 00:00:00 GMT+0700 (Western Indonesia Time),15246
Mon Oct 10 2022 00:00:00 GMT+0700 (Western Indonesia Time),15299
Tue Oct 11 2022 00:00:00 GMT+0700 (Western Indonesia Time),15362
Wed Oct 12 2022 00:00:00 GMT+0700 (Western Indonesia Time),15373
Thu Oct 13 2022 00:00:00 GMT+0700 (Western Indonesia Time),15357
Fri Oct 14 2022 00:00:00 GMT+0700 (Western Indonesia Time),15390
Mon Oct 17 2022 00:00:00 GMT+0700 (Western Indonesia Time),15480
Tue Oct 18 2022 00:00:00 GMT+0700 (Western Indonesia Time),15469
Wed Oct 19 2022 00:00:00 GMT+0700 (Western Indonesia Time),15491
Thu Oct 20 2022 00:00:00 GMT+0700 (Western Indonesia Time),15579
Fri Oct 21 2022 00:00:00 GMT+0700 (Western Indonesia Time),15610
Mon Oct 24 2022 00:00:00 GMT+0700 (Western Indonesia Time),15590
Tue Oct 25 2022 00:00:00 GMT+0700 (Western Indonesia Time),15616
Wed Oct 26 2022 00:00:00 GMT+0700 (Western Indonesia Time),15596
Thu Oct 27 2022 00:00:00 GMT+0700 (Western Indonesia Time),15573
Fri Oct 28 2022 00:00:00 GMT+0700 (Western Indonesia Time),15542
Mon Oct 31 2022 00:00:00 GMT+0700 (Western Indonesia Time),15596
Tue Nov 01 2022 00:00:00 GMT+0700 (Western Indonesia Time),15647
Wed Nov 02 2022 00:00:00 GMT+0700 (Western Indonesia Time),15652
Thu Nov 03 2022 00:00:00 GMT+0700 (Western Indonesia Time),15681
Fri Nov 04 2022 00:00:00 GMT+0700 (Western Indonesia Time),15736
Mon Nov 07 2022 00:00:00 GMT+0700 (Western Indonesia Time),15692
Tue Nov 08 2022 00:00:00 GMT+0700 (Western Indonesia Time),15684
Wed Nov 09 2022 00:00:00 GMT+0700 (Western Indonesia Time),15654
Thu Nov 10 2022 00:00:00 GMT+0700 (Western Indonesia Time),15701
Fri Nov 11 2022 00:00:00 GMT+0700 (Western Indonesia Time),15493
Mon Nov 14 2022 00:00:00 GMT+0700 (Western Indonesia Time),15499
Tue Nov 15 2022 00:00:00 GMT+0700 (Western Indonesia Time),15564
Wed Nov 16 2022 00:00:00 GMT+0700 (Western Indonesia Time),15610
Thu Nov 17 2022 00:00:00 GMT+0700 (Western Indonesia Time),15687
Fri Nov 18 2022 00:00:00 GMT+0700 (Western Indonesia Time),15692
Mon Nov 21 2022 00:00:00 GMT+0700 (Western Indonesia Time),15707
Tue Nov 22 2022 00:00:00 GMT+0700 (Western Indonesia Time),15716
Wed Nov 23 2022 00:00:00 GMT+0700 (Western Indonesia Time),15700
Thu Nov 24 2022 00:00:00 GMT+0700 (Western Indonesia Time),15647
Fri Nov 25 2022 00:00:00 GMT+0700 (Western Indonesia Time),15668
Mon Nov 28 2022 00:00:00 GMT+0700 (Western Indonesia Time),15729
Tue Nov 29 2022 00:00:00 GMT+0700 (Western Indonesia Time),15737
Wed Nov 30 2022 00:00:00 GMT+0700 (Western Indonesia Time),15742
Thu Dec 01 2022 00:00:00 GMT+0700 (Western Indonesia Time),15617
Fri Dec 02 2022 00:00:00 GMT+0700 (Western Indonesia Time),15429
Mon Dec 05 2022 00:00:00 GMT+0700 (Western Indonesia Time),15409
Tue Dec 06 2022 00:00:00 GMT+0700 (Western Indonesia Time),15576
Wed Dec 07 2022 00:00:00 GMT+0700 (Western Indonesia Time),15619
Thu Dec 08 2022 00:00:00 GMT+0700 (Western Indonesia Time),15624
Fri Dec 09 2022 00:00:00 GMT+0700 (Western Indonesia Time),15587
Mon Dec 12 2022 00:00:00 GMT+0700 (Western Indonesia Time),15642
Tue Dec 13 2022 00:00:00 GMT+0700 (Western Indonesia Time),15661
Wed Dec 14 2022 00:00:00 GMT+0700 (Western Indonesia Time),15619
Thu Dec 15 2022 00:00:00 GMT+0700 (Western Indonesia Time),15630
Fri Dec 16 2022 00:00:00 GMT+0700 (Western Indonesia Time),15617
Mon Dec 19 2022 00:00:00 GMT+0700 (Western Indonesia Time),15621
Tue Dec 20 2022 00:00:00 GMT+0700 (Western Indonesia Time),15608
Wed Dec 21 2022 00:00:00 GMT+0700 (Western Indonesia Time),15601
Thu Dec 22 2022 00:00:00 GMT+0700 (Western Indonesia Time),15594
Fri Dec 23 2022 00:00:00 GMT+0700 (Western Indonesia Time),15605
Mon Dec 26 2022 00:00:00 GMT+0700 (Western Indonesia Time),15636
Tue Dec 27 2022 00:00:00 GMT+0700 (Western Indonesia Time),15659
Wed Dec 28 2022 00:00:00 GMT+0700 (Western Indonesia Time),15703
Thu Dec 29 2022 00:00:00 GMT+0700 (Western Indonesia Time),15731
Fri Dec 30 2022 00:00:00 GMT+0700 (Western Indonesia Time),15592
Mon Jan 02 2023 00:00:00 GMT+0700 (Western Indonesia Time),15572
Tue Jan 03 2023 00:00:00 GMT+0700 (Western Indonesia Time),15590
Wed Jan 04 2023 00:00:00 GMT+0700 (Western Indonesia Time),15615
Thu Jan 05 2023 00:00:00 GMT+0700 (Western Indonesia Time),15610
Fri Jan 06 2023 00:00:00 GMT+0700 (Western Indonesia Time),15635
Mon Jan 09 2023 00:00:00 GMT+0700 (Western Indonesia Time),15574
Tue Jan 10 2023 00:00:00 GMT+0700 (Western Indonesia Time),15589
Wed Jan 11 2023 00:00:00 GMT+0700 (Western Indonesia Time),15527
Thu Jan 12 2023 00:00:00 GMT+0700 (Western Indonesia Time),15366
Fri Jan 13 2023 00:00:00 GMT+0700 (Western Indonesia Time),15177
Mon Jan 16 2023 00:00:00 GMT+0700 (Western Indonesia Time),15019
Tue Jan 17 2023 00:00:00 GMT+0700 (Western Indonesia Time),15154
Wed Jan 18 2023 00:00:00 GMT+0700 (Western Indonesia Time),15137
Thu Jan 19 2023 00:00:00 GMT+0700 (Western Indonesia Time),15113
Fri Jan 20 2023 00:00:00 GMT+0700 (Western Indonesia Time),15121
Tue Jan 24 2023 00:00:00 GMT+0700 (Western Indonesia Time),14930
Wed Jan 25 2023 00:00:00 GMT+0700 (Western Indonesia Time),14958
Thu Jan 26 2023 00:00:00 GMT+0700 (Western Indonesia Time),14964
Fri Jan 27 2023 00:00:00 GMT+0700 (Western Indonesia Time),14978
Mon Jan 30 2023 00:00:00 GMT+0700 (Western Indonesia Time),14979
Tue Jan 31 2023 00:00:00 GMT+0700 (Western Indonesia Time),14992
Wed Feb 01 2023 00:00:00 GMT+0700 (Western Indonesia Time),14991
Thu Feb 02 2023 00:00:00 GMT+0700 (Western Indonesia Time),14868
Fri Feb 03 2023 00:00:00 GMT+0700 (Western Indonesia Time),14898
Mon Feb 06 2023 00:00:00 GMT+0700 (Western Indonesia Time),15055
Tue Feb 07 2023 00:00:00 GMT+0700 (Western Indonesia Time),15139
Wed Feb 08 2023 00:00:00 GMT+0700 (Western Indonesia Time),15122
Thu Feb 09 2023 00:00:00 GMT+0700 (Western Indonesia Time),15120
Fri Feb 10 2023 00:00:00 GMT+0700 (Western Indonesia Time),15140
Mon Feb 13 2023 00:00:00 GMT+0700 (Western Indonesia Time),15216
Tue Feb 14 2023 00:00:00 GMT+0700 (Western Indonesia Time),15168
Wed Feb 15 2023 00:00:00 GMT+0700 (Western Indonesia Time),15194
Thu Feb 16 2023 00:00:00 GMT+0700 (Western Indonesia Time),15176
Fri Feb 17 2023 00:00:00 GMT+0700 (Western Indonesia Time),15199
Mon Feb 20 2023 00:00:00 GMT+0700 (Western Indonesia Time),15168
Tue Feb 21 2023 00:00:00 GMT+0700 (Western Indonesia Time),15179
Wed Feb 22 2023 00:00:00 GMT+0700 (Western Indonesia Time),15218
Thu Feb 23 2023 00:00:00 GMT+0700 (Western Indonesia Time),15187
Fri Feb 24 2023 00:00:00 GMT+0700 (Western Indonesia Time),15216
Mon Feb 27 2023 00:00:00 GMT+0700 (Western Indonesia Time),15274
Tue Feb 28 2023 00:00:00 GMT+0700 (Western Indonesia Time),15240
Wed Mar 01 2023 00:00:00 GMT+0700 (Western Indonesia Time),15250
Thu Mar 02 2023 00:00:00 GMT+0700 (Western Indonesia Time),15273
Fri Mar 03 2023 00:00:00 GMT+0700 (Western Indonesia Time),15306
Mon Mar 06 2023 00:00:00 GMT+0700 (Western Indonesia Time),15301
Tue Mar 07 2023 00:00:00 GMT+0700 (Western Indonesia Time),15359
Wed Mar 08 2023 00:00:00 GMT+0700 (Western Indonesia Time),15451
Thu Mar 09 2023 00:00:00 GMT+0700 (Western Indonesia Time),15438
Fri Mar 10 2023 00:00:00 GMT+0700 (Western Indonesia Time),15468
Mon Mar 13 2023 00:00:00 GMT+0700 (Western Indonesia Time),15374
Tue Mar 14 2023 00:00:00 GMT+0700 (Western Indonesia Time),15380
Wed Mar 15 2023 00:00:00 GMT+0700 (Western Indonesia Time),15365
Thu Mar 16 2023 00:00:00 GMT+0700 (Western Indonesia Time),15418
Fri Mar 17 2023 00:00:00 GMT+0700 (Western Indonesia Time),15364
Mon Mar 20 2023 00:00:00 GMT+0700 (Western Indonesia Time),15372
Tue Mar 21 2023 00:00:00 GMT+0700 (Western Indonesia Time),15349
Fri Mar 24 2023 00:00:00 GMT+0700 (Western Indonesia Time),15189
Mon Mar 27 2023 00:00:00 GMT+0700 (Western Indonesia Time),15174
Tue Mar 28 2023 00:00:00 GMT+0700 (Western Indonesia Time),15088
Wed Mar 29 2023 00:00:00 GMT+0700 (Western Indonesia Time),15094
Thu Mar 30 2023 00:00:00 GMT+0700 (Western Indonesia Time),15062
Fri Mar 31 2023 00:00:00 GMT+0700 (Western Indonesia Time),14977
Mon Apr 03 2023 00:00:00 GMT+0700 (Western Indonesia Time),14990
Tue Apr 04 2023 00:00:00 GMT+0700 (Western Indonesia Time),14913
Wed Apr 05 2023 00:00:00 GMT+0700 (Western Indonesia Time),14933
Thu Apr 06 2023 00:00:00 GMT+0700 (Western Indonesia Time),14943
Mon Apr 10 2023 00:00:00 GMT+0700 (Western Indonesia Time),14905
Tue Apr 11 2023 00:00:00 GMT+0700 (Western Indonesia Time),14888
Wed Apr 12 2023 00:00:00 GMT+0700 (Western Indonesia Time),14866
Thu Apr 13 2023 00:00:00 GMT+0700 (Western Indonesia Time),14792
Fri Apr 14 2023 00:00:00 GMT+0700 (Western Indonesia Time),14666
Mon Apr 17 2023 00:00:00 GMT+0700 (Western Indonesia Time),14773
Tue Apr 18 2023 00:00:00 GMT+0700 (Western Indonesia Time),14855
Wed Apr 26 2023 00:00:00 GMT+0700 (Western Indonesia Time),14882
Thu Apr 27 2023 00:00:00 GMT+0700 (Western Indonesia Time),14751
Fri Apr 28 2023 00:00:00 GMT+0700 (Western Indonesia Time),14661
Tue May 02 2023 00:00:00 GMT+0700 (Western Indonesia Time),14703
Wed May 03 2023 00:00:00 GMT+0700 (Western Indonesia Time),14706
Thu May 04 2023 00:00:00 GMT+0700 (Western Indonesia Time),14632
Fri May 05 2023 00:00:00 GMT+0700 (Western Indonesia Time),14674
Mon May 08 2023 00:00:00 GMT+0700 (Western Indonesia Time),14709
Tue May 09 2023 00:00:00 GMT+0700 (Western Indonesia Time),14757
Wed May 10 2023 00:00:00 GMT+0700 (Western Indonesia Time),14746
Thu May 11 2023 00:00:00 GMT+0700 (Western Indonesia Time),14722
Fri May 12 2023 00:00:00 GMT+0700 (Western Indonesia Time),14752
Mon May 15 2023 00:00:00 GMT+0700 (Western Indonesia Time),14812
Tue May 16 2023 00:00:00 GMT+0700 (Western Indonesia Time),14810
Wed May 17 2023 00:00:00 GMT+0700 (Western Indonesia Time),14875
Fri May 19 2023 00:00:00 GMT+0700 (Western Indonesia Time),14936
Mon May 22 2023 00:00:00 GMT+0700 (Western Indonesia Time),14897
Tue May 23 2023 00:00:00 GMT+0700 (Western Indonesia Time),14878
Wed May 24 2023 00:00:00 GMT+0700 (Western Indonesia Time),14905
Thu May 25 2023 00:00:00 GMT+0700 (Western Indonesia Time),14952
Fri May 26 2023 00:00:00 GMT+0700 (Western Indonesia Time),14959
Mon May 29 2023 00:00:00 GMT+0700 (Western Indonesia Time),14973
Tue May 30 2023 00:00:00 GMT+0700 (Western Indonesia Time),14969
Wed May 31 2023 00:00:00 GMT+0700 (Western Indonesia Time),15003
Mon Jun 05 2023 00:00:00 GMT+0700 (Western Indonesia Time),14888
Tue Jun 06 2023 00:00:00 GMT+0700 (Western Indonesia Time),14839
Wed Jun 07 2023 00:00:00 GMT+0700 (Western Indonesia Time),14875
Thu Jun 08 2023 00:00:00 GMT+0700 (Western Indonesia Time),14903
Fri Jun 09 2023 00:00:00 GMT+0700 (Western Indonesia Time),14853
Mon Jun 12 2023 00:00:00 GMT+0700 (Western Indonesia Time),14874
Tue Jun 13 2023 00:00:00 GMT+0700 (Western Indonesia Time),14868
Wed Jun 14 2023 00:00:00 GMT+0700 (Western Indonesia Time),14895
Thu Jun 15 2023 00:00:00 GMT+0700 (Western Indonesia Time),14943
Fri Jun 16 2023 00:00:00 GMT+0700 (Western Indonesia Time),14945
Mon Jun 19 2023 00:00:00 GMT+0700 (Western Indonesia Time),14994
Tue Jun 20 2023 00:00:00 GMT+0700 (Western Indonesia Time),15040
Wed Jun 21 2023 00:00:00 GMT+0700 (Western Indonesia Time),14982
Thu Jun 22 2023 00:00:00 GMT+0700 (Western Indonesia Time),14918
Fri Jun 23 2023 00:00:00 GMT+0700 (Western Indonesia Time),14998
Mon Jun 26 2023 00:00:00 GMT+0700 (Western Indonesia Time),15026
Tue Jun 27 2023 00:00:00 GMT+0700 (Western Indonesia Time),15000
Mon Jul 03 2023 00:00:00 GMT+0700 (Western Indonesia Time),15034
Tue Jul 04 2023 00:00:00 GMT+0700 (Western Indonesia Time),15018
Wed Jul 05 2023 00:00:00 GMT+0700 (Western Indonesia Time),15013
Thu Jul 06 2023 00:00:00 GMT+0700 (Western Indonesia Time),15062
Fri Jul 07 2023 00:00:00 GMT+0700 (Western Indonesia Time),15136
Mon Jul 10 2023 00:00:00 GMT+0700 (Western Indonesia Time),15192
Tue Jul 11 2023 00:00:00 GMT+0700 (Western Indonesia Time),15162
Wed Jul 12 2023 00:00:00 GMT+0700 (Western Indonesia Time),15084
Thu Jul 13 2023 00:00:00 GMT+0700 (Western Indonesia Time),14978
Fri Jul 14 2023 00:00:00 GMT+0700 (Western Indonesia Time),14945
Mon Jul 17 2023 00:00:00 GMT+0700 (Western Indonesia Time),15007
Tue Jul 18 2023 00:00:00 GMT+0700 (Western Indonesia Time),14994
Thu Jul 20 2023 00:00:00 GMT+0700 (Western Indonesia Time),14991
Fri Jul 21 2023 00:00:00 GMT+0700 (Western Indonesia Time),15026
Mon Jul 24 2023 00:00:00 GMT+0700 (Western Indonesia Time),15028
Tue Jul 25 2023 00:00:00 GMT+0700 (Western Indonesia Time),15007
Wed Jul 26 2023 00:00:00 GMT+0700 (Western Indonesia Time),15032
Thu Jul 27 2023 00:00:00 GMT+0700 (Western Indonesia Time),15003
Fri Jul 28 2023 00:00:00 GMT+0700 (Western Indonesia Time),15083
Mon Jul 31 2023 00:00:00 GMT+0700 (Western Indonesia Time),15092
Tue Aug 01 2023 00:00:00 GMT+0700 (Western Indonesia Time),15117
Wed Aug 02 2023 00:00:00 GMT+0700 (Western Indonesia Time),15171
Thu Aug 03 2023 00:00:00 GMT+0700 (Western Indonesia Time),15198
Fri Aug 04 2023 00:00:00 GMT+0700 (Western Indonesia Time),15168
Mon Aug 07 2023 00:00:00 GMT+0700 (Western Indonesia Time),15178
Tue Aug 08 2023 00:00:00 GMT+0700 (Western Indonesia Time),15229
Wed Aug 09 2023 00:00:00 GMT+0700 (Western Indonesia Time),15206
Thu Aug 10 2023 00:00:00 GMT+0700 (Western Indonesia Time),15204
Fri Aug 11 2023 00:00:00 GMT+0700 (Western Indonesia Time),15225
Mon Aug 14 2023 00:00:00 GMT+0700 (Western Indonesia Time),15323
Tue Aug 15 2023 00:00:00 GMT+0700 (Western Indonesia Time),15346
Wed Aug 16 2023 00:00:00 GMT+0700 (Western Indonesia Time),15308
Fri Aug 18 2023 00:00:00 GMT+0700 (Western Indonesia Time),15308
Mon Aug 21 2023 00:00:00 GMT+0700 (Western Indonesia Time),15329
Tue Aug 22 2023 00:00:00 GMT+0700 (Western Indonesia Time),15326
Wed Aug 23 2023 00:00:00 GMT+0700 (Western Indonesia Time),15319
Thu Aug 24 2023 00:00:00 GMT+0700 (Western Indonesia Time),15253
Fri Aug 25 2023 00:00:00 GMT+0700 (Western Indonesia Time),15297
Mon Aug 28 2023 00:00:00 GMT+0700 (Western Indonesia Time),15294
Tue Aug 29 2023 00:00:00 GMT+0700 (Western Indonesia Time),15263
Wed Aug 30 2023 00:00:00 GMT+0700 (Western Indonesia Time),15239
Thu Aug 31 2023 00:00:00 GMT+0700 (Western Indonesia Time),15237
Fri Sep 01 2023 00:00:00 GMT+0700 (Western Indonesia Time),15252
Mon Sep 04 2023 00:00:00 GMT+0700 (Western Indonesia Time),15247
Tue Sep 05 2023 00:00:00 GMT+0700 (Western Indonesia Time),15260
Wed Sep 06 2023 00:00:00 GMT+0700 (Western Indonesia Time),15307
Thu Sep 07 2023 00:00:00 GMT+0700 (Western Indonesia Time),15334
Fri Sep 08 2023 00:00:00 GMT+0700 (Western Indonesia Time),15341
Mon Sep 11 2023 00:00:00 GMT+0700 (Western Indonesia Time),15352
Tue Sep 12 2023 00:00:00 GMT+0700 (Western Indonesia Time),15344
Wed Sep 13 2023 00:00:00 GMT+0700 (Western Indonesia Time),15367
Thu Sep 14 2023 00:00:00 GMT+0700 (Western Indonesia Time),15357
Fri Sep 15 2023 00:00:00 GMT+0700 (Western Indonesia Time),15367
Mon Sep 18 2023 00:00:00 GMT+0700 (Western Indonesia Time),15373
Tue Sep 19 2023 00:00:00 GMT+0700 (Western Indonesia Time),15381
Wed Sep 20 2023 00:00:00 GMT+0700 (Western Indonesia Time),15396
Thu Sep 21 2023 00:00:00 GMT+0700 (Western Indonesia Time),15397
Fri Sep 22 2023 00:00:00 GMT+0700 (Western Indonesia Time),15383
Mon Sep 25 2023 00:00:00 GMT+0700 (Western Indonesia Time),15399
Tue Sep 26 2023 00:00:00 GMT+0700 (Western Indonesia Time),15464
Wed Sep 27 2023 00:00:00 GMT+0700 (Western Indonesia Time),15526
Fri Sep 29 2023 00:00:00 GMT+0700 (Western Indonesia Time),15487
Mon Oct 02 2023 00:00:00 GMT+0700 (Western Indonesia Time),15519
Tue Oct 03 2023 00:00:00 GMT+0700 (Western Indonesia Time),15600
Wed Oct 04 2023 00:00:00 GMT+0700 (Western Indonesia Time),15636
Thu Oct 05 2023 00:00:00 GMT+0700 (Western Indonesia Time),15601
Fri Oct 06 2023 00:00:00 GMT+0700 (Western Indonesia Time),15628
Mon Oct 09 2023 00:00:00 GMT+0700 (Western Indonesia Time),15675
Tue Oct 10 2023 00:00:00 GMT+0700 (Western Indonesia Time),15708
Wed Oct 11 2023 00:00:00 GMT+0700 (Western Indonesia Time),15710
Thu Oct 12 2023 00:00:00 GMT+0700 (Western Indonesia Time),15702
Fri Oct 13 2023 00:00:00 GMT+0700 (Western Indonesia Time),15709
Mon Oct 16 2023 00:00:00 GMT+0700 (Western Indonesia Time),15716
Tue Oct 17 2023 00:00:00 GMT+0700 (Western Indonesia Time),15718
Wed Oct 18 2023 00:00:00 GMT+0700 (Western Indonesia Time),15731
Thu Oct 19 2023 00:00:00 GMT+0700 (Western Indonesia Time),15838
Fri Oct 20 2023 00:00:00 GMT+0700 (Western Indonesia Time),15856
Mon Oct 23 2023 00:00:00 GMT+0700 (Western Indonesia Time),15943
Tue Oct 24 2023 00:00:00 GMT+0700 (Western Indonesia Time),15869
Wed Oct 25 2023 00:00:00 GMT+0700 (Western Indonesia Time),15871
Thu Oct 26 2023 00:00:00 GMT+0700 (Western Indonesia Time),15933
Fri Oct 27 2023 00:00:00 GMT+0700 (Western Indonesia Time),15941
Mon Oct 30 2023 00:00:00 GMT+0700 (Western Indonesia Time),15916
Tue Oct 31 2023 00:00:00 GMT+0700 (Western Indonesia Time),15897
Wed Nov 01 2023 00:00:00 GMT+0700 (Western Indonesia Time),15946
Thu Nov 02 2023 00:00:00 GMT+0700 (Western Indonesia Time),15861
Fri Nov 03 2023 00:00:00 GMT+0700 (Western Indonesia Time),15771
Mon Nov 06 2023 00:00:00 GMT+0700 (Western Indonesia Time),15550
Tue Nov 07 2023 00:00:00 GMT+0700 (Western Indonesia Time),15593
Wed Nov 08 2023 00:00:00 GMT+0700 (Western Indonesia Time),15629
Thu Nov 09 2023 00:00:00 GMT+0700 (Western Indonesia Time),15649
Fri Nov 10 2023 00:00:00 GMT+0700 (Western Indonesia Time),15693
Mon Nov 13 2023 00:00:00 GMT+0700 (Western Indonesia Time),15713
Tue Nov 14 2023 00:00:00 GMT+0700 (Western Indonesia Time),15699
Wed Nov 15 2023 00:00:00 GMT+0700 (Western Indonesia Time),15503
Thu Nov 16 2023 00:00:00 GMT+0700 (Western Indonesia Time),15595
Fri Nov 17 2023 00:00:00 GMT+0700 (Western Indonesia Time),15504
Mon Nov 20 2023 00:00:00 GMT+0700 (Western Indonesia Time),15419
Tue Nov 21 2023 00:00:00 GMT+0700 (Western Indonesia Time),15436
Wed Nov 22 2023 00:00:00 GMT+0700 (Western Indonesia Time),15584
Thu Nov 23 2023 00:00:00 GMT+0700 (Western Indonesia Time),15593
Fri Nov 24 2023 00:00:00 GMT+0700 (Western Indonesia Time),15587
Mon Nov 27 2023 00:00:00 GMT+0700 (Western Indonesia Time),15527
Tue Nov 28 2023 00:00:00 GMT+0700 (Western Indonesia Time),15450
Wed Nov 29 2023 00:00:00 GMT+0700 (Western Indonesia Time),15384
Thu Nov 30 2023 00:00:00 GMT+0700 (Western Indonesia Time),15484
Fri Dec 01 2023 00:00:00 GMT+0700 (Western Indonesia Time),15524
Mon Dec 04 2023 00:00:00 GMT+0700 (Western Indonesia Time),15446
Tue Dec 05 2023 00:00:00 GMT+0700 (Western Indonesia Time),15504
Wed Dec 06 2023 00:00:00 GMT+0700 (Western Indonesia Time),15504
Thu Dec 07 2023 00:00:00 GMT+0700 (Western Indonesia Time),15536
Fri Dec 08 2023 00:00:00 GMT+0700 (Western Indonesia Time),15500
Mon Dec 11 2023 00:00:00 GMT+0700 (Western Indonesia Time),15614
Tue Dec 12 2023 00:00:00 GMT+0700 (Western Indonesia Time),15631
Wed Dec 13 2023 00:00:00 GMT+0700 (Western Indonesia Time),15629
Thu Dec 14 2023 00:00:00 GMT+0700 (Western Indonesia Time),15493
Fri Dec 15 2023 00:00:00 GMT+0700 (Western Indonesia Time),15503
Mon Dec 18 2023 00:00:00 GMT+0700 (Western Indonesia Time),15516
Tue Dec 19 2023 00:00:00 GMT+0700 (Western Indonesia Time),15506
Wed Dec 20 2023 00:00:00 GMT+0700 (Western Indonesia Time),15512
Thu Dec 21 2023 00:00:00 GMT+0700 (Western Indonesia Time),15533
Fri Dec 22 2023 00:00:00 GMT+0700 (Western Indonesia Time),15489
Wed Dec 27 2023 00:00:00 GMT+0700 (Western Indonesia Time),15414
Thu Dec 28 2023 00:00:00 GMT+0700 (Western Indonesia Time),15416
Fri Dec 29 2023 00:00:00 GMT+0700 (Western Indonesia Time),15439
Tue Jan 02 2024 00:00:00 GMT+0700 (Western Indonesia Time),15473
Wed Jan 03 2024 00:00:00 GMT+0700 (Western Indonesia Time),15495
Thu Jan 04 2024 00:00:00 GMT+0700 (Western Indonesia Time),15525
Fri Jan 05 2024 00:00:00 GMT+0700 (Western Indonesia Time),15518
Mon Jan 08 2024 00:00:00 GMT+0700 (Western Indonesia Time),15522
Tue Jan 09 2024 00:00:00 GMT+0700 (Western Indonesia Time),15518
Wed Jan 10 2024 00:00:00 GMT+0700 (Western Indonesia Time),15568
Thu Jan 11 2024 00:00:00 GMT+0700 (Western Indonesia Time),15558
Fri Jan 12 2024 00:00:00 GMT+0700 (Western Indonesia Time),15559
Mon Jan 15 2024 00:00:00 GMT+0700 (Western Indonesia Time),15555
Tue Jan 16 2024 00:00:00 GMT+0700 (Western Indonesia Time),15592
Wed Jan 17 2024 00:00:00 GMT+0700 (Western Indonesia Time),15639
Thu Jan 18 2024 00:00:00 GMT+0700 (Western Indonesia Time),15630
Fri Jan 19 2024 00:00:00 GMT+0700 (Western Indonesia Time),15628
Mon Jan 22 2024 00:00:00 GMT+0700 (Western Indonesia Time),15627
Tue Jan 23 2024 00:00:00 GMT+0700 (Western Indonesia Time),15656
Wed Jan 24 2024 00:00:00 GMT+0700 (Western Indonesia Time),15719
Thu Jan 25 2024 00:00:00 GMT+0700 (Western Indonesia Time),15767
Fri Jan 26 2024 00:00:00 GMT+0700 (Western Indonesia Time),15829
Mon Jan 29 2024 00:00:00 GMT+0700 (Western Indonesia Time),15825
Tue Jan 30 2024 00:00:00 GMT+0700 (Western Indonesia Time),15796
Wed Jan 31 2024 00:00:00 GMT+0700 (Western Indonesia Time),15803
Thu Feb 01 2024 00:00:00 GMT+0700 (Western Indonesia Time),15775
Fri Feb 02 2024 00:00:00 GMT+0700 (Western Indonesia Time),15688
Mon Feb 05 2024 00:00:00 GMT+0700 (Western Indonesia Time),15705
Tue Feb 06 2024 00:00:00 GMT+0700 (Western Indonesia Time),15734
Wed Feb 07 2024 00:00:00 GMT+0700 (Western Indonesia Time),15685
Mon Feb 12 2024 00:00:00 GMT+0700 (Western Indonesia Time),15612
Tue Feb 13 2024 00:00:00 GMT+0700 (Western Indonesia Time),15585
Thu Feb 15 2024 00:00:00 GMT+0700 (Western Indonesia Time),15606
Fri Feb 16 2024 00:00:00 GMT+0700 (Western Indonesia Time),15654
Mon Feb 19 2024 00:00:00 GMT+0700 (Western Indonesia Time),15630
Tue Feb 20 2024 00:00:00 GMT+0700 (Western Indonesia Time),15659
Wed Feb 21 2024 00:00:00 GMT+0700 (Western Indonesia Time),15658
Thu Feb 22 2024 00:00:00 GMT+0700 (Western Indonesia Time),15630
Fri Feb 23 2024 00:00:00 GMT+0700 (Western Indonesia Time),15589
Mon Feb 26 2024 00:00:00 GMT+0700 (Western Indonesia Time),15635
Tue Feb 27 2024 00:00:00 GMT+0700 (Western Indonesia Time),15655
Wed Feb 28 2024 00:00:00 GMT+0700 (Western Indonesia Time),15673
Thu Feb 29 2024 00:00:00 GMT+0700 (Western Indonesia Time),15715
Fri Mar 01 2024 00:00:00 GMT+0700 (Western Indonesia Time),15696
Mon Mar 04 2024 00:00:00 GMT+0700 (Western Indonesia Time),15723
Tue Mar 05 2024 00:00:00 GMT+0700 (Western Indonesia Time),15756
Wed Mar 06 2024 00:00:00 GMT+0700 (Western Indonesia Time),15723
Thu Mar 07 2024 00:00:00 GMT+0700 (Western Indonesia Time),15658
Fri Mar 08 2024 00:00:00 GMT+0700 (Western Indonesia Time),15603
Wed Mar 13 2024 00:00:00 GMT+0700 (Western Indonesia Time),15576
Thu Mar 14 2024 00:00:00 GMT+0700 (Western Indonesia Time),15582
Fri Mar 15 2024 00:00:00 GMT+0700 (Western Indonesia Time),15624
Mon Mar 18 2024 00:00:00 GMT+0700 (Western Indonesia Time),15672
Tue Mar 19 2024 00:00:00 GMT+0700 (Western Indonesia Time),15712
Wed Mar 20 2024 00:00:00 GMT+0700 (Western Indonesia Time),15727
Thu Mar 21 2024 00:00:00 GMT+0700 (Western Indonesia Time),15662
Fri Mar 22 2024 00:00:00 GMT+0700 (Western Indonesia Time),15773
Mon Mar 25 2024 00:00:00 GMT+0700 (Western Indonesia Time),15795
Tue Mar 26 2024 00:00:00 GMT+0700 (Western Indonesia Time),15797
Wed Mar 27 2024 00:00:00 GMT+0700 (Western Indonesia Time),15853
Thu Mar 28 2024 00:00:00 GMT+0700 (Western Indonesia Time),15873
Mon Apr 01 2024 00:00:00 GMT+0700 (Western Indonesia Time),15909
Tue Apr 02 2024 00:00:00 GMT+0700 (Western Indonesia Time),15934
Wed Apr 03 2024 00:00:00 GMT+0700 (Western Indonesia Time),15923
Thu Apr 04 2024 00:00:00 GMT+0700 (Western Indonesia Time),15907
Fri Apr 05 2024 00:00:00 GMT+0700 (Western Indonesia Time),15873
Tue Apr 16 2024 00:00:00 GMT+0700 (Western Indonesia Time),16176
Wed Apr 17 2024 00:00:00 GMT+0700 (Western Indonesia Time),16240
Thu Apr 18 2024 00:00:00 GMT+0700 (Western Indonesia Time),16177
Fri Apr 19 2024 00:00:00 GMT+0700 (Western Indonesia Time),16280
Mon Apr 22 2024 00:00:00 GMT+0700 (Western Indonesia Time),16224
Tue Apr 23 2024 00:00:00 GMT+0700 (Western Indonesia Time),16244
Wed Apr 24 2024 00:00:00 GMT+0700 (Western Indonesia Time),16161
Thu Apr 25 2024 00:00:00 GMT+0700 (Western Indonesia Time),16208
Fri Apr 26 2024 00:00:00 GMT+0700 (Western Indonesia Time),16222
Mon Apr 29 2024 00:00:00 GMT+0700 (Western Indonesia Time),16249
Tue Apr 30 2024 00:00:00 GMT+0700 (Western Indonesia Time),16276
Thu May 02 2024 00:00:00 GMT+0700 (Western Indonesia Time),16202
Fri May 03 2024 00:00:00 GMT+0700 (Western Indonesia Time),16094
Mon May 06 2024 00:00:00 GMT+0700 (Western Indonesia Time),16025
Tue May 07 2024 00:00:00 GMT+0700 (Western Indonesia Time),16054
Wed May 08 2024 00:00:00 GMT+0700 (Western Indonesia Time),16081
Mon May 13 2024 00:00:00 GMT+0700 (Western Indonesia Time),16085
Tue May 14 2024 00:00:00 GMT+0700 (Western Indonesia Time),16131
Wed May 15 2024 00:00:00 GMT+0700 (Western Indonesia Time),16070
Thu May 16 2024 00:00:00 GMT+0700 (Western Indonesia Time),15944
Fri May 17 2024 00:00:00 GMT+0700 (Western Indonesia Time),15978
Mon May 20 2024 00:00:00 GMT+0700 (Western Indonesia Time),15980
Tue May 21 2024 00:00:00 GMT+0700 (Western Indonesia Time),16024
