#REF!,,,Tanggal,#NUM!
,,,30 December 1899,
,,,30 December 1899,
,,,30 December 1899,
,,,30 December 1899,
,,,30 December 1899,
,,,30 December 1899,
,,,30 December 1899,
,,,30 December 1899,
,,,30 December 1899,
,,,30 December 1899,
,,,30 December 1899,
,,,30 December 1899,
,,,30 December 1899,
,,,30 December 1899,
,,,30 December 1899,
,,,30 December 1899,
,,,30 December 1899,
,,,30 December 1899,
,,,30 December 1899,
,,,30 December 1899,
,,,30 December 1899,
,,,30 December 1899,
,,,30 December 1899,
,,,30 December 1899,
,,,30 December 1899,
,,,30 December 1899,
,,,30 December 1899,
,,,30 December 1899,
,,,30 December 1899,
,,,30 December 1899,
,,,30 December 1899,
,,,30 December 1899,
,,,30 December 1899,
,,,30 December 1899,
,,,30 December 1899,
,,,30 December 1899,
,,,30 December 1899,
,,,30 December 1899,
,,,30 December 1899,
,,,30 December 1899,
,,,30 December 1899,
,,,30 December 1899,
,,,30 December 1899,
,,,30 December 1899,
,,,30 December 1899,
,,,30 December 1899,
,,,30 December 1899,
,,,30 December 1899,
,,,30 December 1899,
,,,30 December 1899,
,,,30 December 1899,
,,,30 December 1899,
,,,30 December 1899,
,,,30 December 1899,
,,,30 December 1899,
,,,30 December 1899,
,,,30 December 1899,
,,,30 December 1899,
,,,30 December 1899,
,,,30 December 1899,
,,,30 December 1899,
,,,30 December 1899,
,,,30 December 1899,
,,,30 December 1899,
,,,30 December 1899,
,,,30 December 1899,
,,,30 December 1899,
,,,30 December 1899,
,,,30 December 1899,
,,,30 December 1899,
,,,30 December 1899,
,,,30 December 1899,
,,,30 December 1899,
,,,30 December 1899,
,,,30 December 1899,
,,,30 December 1899,
,,,30 December 1899,
,,,30 December 1899,
,,,30 December 1899,
,,,30 December 1899,
,,,30 December 1899,
,,,30 December 1899,
,,,30 December 1899,
,,,30 December 1899,
,,,30 December 1899,
,,,30 December 1899,
,,,30 December 1899,
,,,30 December 1899,
,,,30 December 1899,
,,,30 December 1899,
,,,30 December 1899,
,,,30 December 1899,
,,,30 December 1899,
,,,30 December 1899,
,,,30 December 1899,
,,,30 December 1899,
,,,30 December 1899,
,,,30 December 1899,
,,,30 December 1899,
,,,30 December 1899,
,,,30 December 1899,
,,,30 December 1899,
,,,30 December 1899,
,,,30 December 1899,
,,,30 December 1899,
,,,30 December 1899,
,,,30 December 1899,
,,,30 December 1899,
,,,30 December 1899,
,,,30 December 1899,
,,,30 December 1899,
,,,30 December 1899,
,,,30 December 1899,
,,,30 December 1899,
,,,30 December 1899,
,,,30 December 1899,
,,,30 December 1899,
,,,30 December 1899,
,,,30 December 1899,
,,,30 December 1899,
,,,30 December 1899,
,,,30 December 1899,
,,,30 December 1899,
,,,30 December 1899,
,,,30 December 1899,
,,,30 December 1899,
,,,30 December 1899,
,,,30 December 1899,
,,,30 December 1899,
,,,30 December 1899,
,,,30 December 1899,
,,,30 December 1899,
,,,30 December 1899,
,,,30 December 1899,
,,,30 December 1899,
,,,30 December 1899,
,,,30 December 1899,
,,,30 December 1899,
,,,30 December 1899,
,,,30 December 1899,
,,,30 December 1899,
,,,30 December 1899,
,,,30 December 1899,
,,,30 December 1899,
,,,30 December 1899,
,,,30 December 1899,
,,,30 December 1899,
,,,30 December 1899,
,,,30 December 1899,
,,,30 December 1899,
,,,30 December 1899,
,,,30 December 1899,
,,,30 December 1899,
,,,30 December 1899,
,,,30 December 1899,
,,,30 December 1899,
,,,30 December 1899,
,,,30 December 1899,
,,,30 December 1899,
,,,30 December 1899,
,,,30 December 1899,
,,,30 December 1899,
,,,30 December 1899,
,,,30 December 1899,
,,,30 December 1899,
,,,30 December 1899,
,,,30 December 1899,
,,,30 December 1899,
,,,30 December 1899,
,,,30 December 1899,
,,,30 December 1899,
,,,30 December 1899,
,,,30 December 1899,
,,,30 December 1899,
,,,30 December 1899,
,,,30 December 1899,
,,,30 December 1899,
,,,30 December 1899,
,,,30 December 1899,
,,,30 December 1899,
,,,30 December 1899,
,,,30 December 1899,
,,,30 December 1899,
,,,30 December 1899,
,,,30 December 1899,
,,,30 December 1899,
,,,30 December 1899,
,,,30 December 1899,
,,,30 December 1899,
,,,30 December 1899,
,,,30 December 1899,
,,,30 December 1899,
,,,30 December 1899,
,,,30 December 1899,
,,,30 December 1899,
,,,30 December 1899,
,,,30 December 1899,
,,,30 December 1899,
,,,30 December 1899,
,,,30 December 1899,
,,,30 December 1899,
,,,30 December 1899,
,,,30 December 1899,
,,,30 December 1899,
,,,30 December 1899,
,,,30 December 1899,
,,,30 December 1899,
,,,30 December 1899,
,,,30 December 1899,
,,,30 December 1899,
,,,30 December 1899,
,,,30 December 1899,
,,,30 December 1899,
,,,30 December 1899,
,,,30 December 1899,
,,,30 December 1899,
,,,30 December 1899,
,,,30 December 1899,
,,,30 December 1899,
,,,30 December 1899,
,,,30 December 1899,
,,,30 December 1899,
,,,30 December 1899,
,,,30 December 1899,
,,,30 December 1899,
,,,30 December 1899,
,,,30 December 1899,
,,,30 December 1899,
,,,30 December 1899,
,,,30 December 1899,
,,,30 December 1899,
,,,30 December 1899,
,,,30 December 1899,
,,,30 December 1899,
,,,30 December 1899,
,,,30 December 1899,
,,,30 December 1899,
,,,30 December 1899,
,,,30 December 1899,
,,,30 December 1899,
,,,30 December 1899,
,,,30 December 1899,
,,,30 December 1899,
,,,30 December 1899,
,,,30 December 1899,
,,,30 December 1899,
,,,30 December 1899,
,,,30 December 1899,
,,,30 December 1899,
,,,30 December 1899,
,,,30 December 1899,
,,,30 December 1899,
,,,30 December 1899,
,,,30 December 1899,
,,,30 December 1899,
,,,30 December 1899,
,,,30 December 1899,
,,,30 December 1899,
,,,30 December 1899,
,,,30 December 1899,
,,,30 December 1899,
,,,30 December 1899,
,,,30 December 1899,
,,,30 December 1899,
,,,30 December 1899,
,,,30 December 1899,
,,,30 December 1899,
,,,30 December 1899,
,,,30 December 1899,
,,,30 December 1899,
,,,30 December 1899,
,,,30 December 1899,
,,,30 December 1899,
,,,30 December 1899,
,,,30 December 1899,
,,,30 December 1899,
,,,30 December 1899,
,,,30 December 1899,
,,,30 December 1899,
,,,30 December 1899,
,,,30 December 1899,
,,,30 December 1899,
,,,30 December 1899,
,,,30 December 1899,
,,,30 December 1899,
,,,30 December 1899,
,,,30 December 1899,
,,,30 December 1899,
,,,30 December 1899,
,,,30 December 1899,
,,,30 December 1899,
,,,30 December 1899,
,,,30 December 1899,
,,,30 December 1899,
,,,30 December 1899,
,,,30 December 1899,
,,,30 December 1899,
,,,30 December 1899,
,,,30 December 1899,
,,,30 December 1899,
,,,30 December 1899,
,,,30 December 1899,
,,,30 December 1899,
,,,30 December 1899,
,,,30 December 1899,
,,,30 December 1899,
,,,30 December 1899,
,,,30 December 1899,
,,,30 December 1899,
,,,30 December 1899,
,,,30 December 1899,
,,,30 December 1899,
,,,30 December 1899,
,,,30 December 1899,
,,,30 December 1899,
,,,30 December 1899,
,,,30 December 1899,
,,,30 December 1899,
,,,30 December 1899,
,,,30 December 1899,
,,,30 December 1899,
,,,30 December 1899,
,,,30 December 1899,
,,,30 December 1899,
,,,30 December 1899,
,,,30 December 1899,
,,,30 December 1899,
,,,30 December 1899,
,,,30 December 1899,
,,,30 December 1899,
,,,30 December 1899,
,,,30 December 1899,
,,,30 December 1899,
,,,30 December 1899,
,,,30 December 1899,
,,,30 December 1899,
,,,30 December 1899,
,,,30 December 1899,
,,,30 December 1899,
,,,30 December 1899,
,,,30 December 1899,
,,,30 December 1899,
,,,30 December 1899,
,,,30 December 1899,
,,,30 December 1899,
,,,30 December 1899,
,,,30 December 1899,
,,,30 December 1899,
,,,30 December 1899,
,,,30 December 1899,
,,,30 December 1899,
,,,30 December 1899,
,,,30 December 1899,
,,,30 December 1899,
,,,30 December 1899,
,,,30 December 1899,
,,,30 December 1899,
,,,30 December 1899,
,,,30 December 1899,
,,,30 December 1899,
,,,30 December 1899,
,,,30 December 1899,
,,,30 December 1899,
,,,30 December 1899,
,,,30 December 1899,
,,,30 December 1899,
,,,30 December 1899,
,,,30 December 1899,
,,,30 December 1899,
,,,30 December 1899,
,,,30 December 1899,
,,,30 December 1899,
,,,30 December 1899,
,,,30 December 1899,
,,,30 December 1899,
,,,30 December 1899,
,,,30 December 1899,
,,,30 December 1899,
,,,30 December 1899,
,,,30 December 1899,
,,,30 December 1899,
,,,30 December 1899,
,,,30 December 1899,
,,,30 December 1899,
,,,30 December 1899,
,,,30 December 1899,
,,,30 December 1899,
,,,30 December 1899,
,,,30 December 1899,
,,,30 December 1899,
,,,30 December 1899,
,,,30 December 1899,
,,,30 December 1899,
,,,30 December 1899,
,,,30 December 1899,
,,,30 December 1899,
,,,30 December 1899,
,,,30 December 1899,
,,,30 December 1899,
,,,30 December 1899,
,,,30 December 1899,
,,,30 December 1899,
,,,30 December 1899,
,,,30 December 1899,
,,,30 December 1899,
,,,30 December 1899,
,,,30 December 1899,
,,,30 December 1899,
,,,30 December 1899,
,,,30 December 1899,
,,,30 December 1899,
,,,30 December 1899,
,,,30 December 1899,
,,,30 December 1899,
,,,30 December 1899,
,,,30 December 1899,
,,,30 December 1899,
,,,30 December 1899,
,,,30 December 1899,
,,,30 December 1899,
,,,30 December 1899,
,,,30 December 1899,
,,,30 December 1899,
,,,30 December 1899,
,,,30 December 1899,
,,,30 December 1899,
,,,30 December 1899,
,,,30 December 1899,
,,,30 December 1899,
,,,30 December 1899,
,,,30 December 1899,
,,,30 December 1899,
,,,30 December 1899,
,,,30 December 1899,
,,,30 December 1899,
,,,30 December 1899,
,,,30 December 1899,
,,,30 December 1899,
,,,30 December 1899,
,,,30 December 1899,
,,,30 December 1899,
,,,30 December 1899,
,,,30 December 1899,
,,,30 December 1899,
,,,30 December 1899,
,,,30 December 1899,
,,,30 December 1899,
,,,30 December 1899,
,,,30 December 1899,
,,,30 December 1899,
,,,30 December 1899,
,,,30 December 1899,
,,,30 December 1899,
,,,30 December 1899,
,,,30 December 1899,
,,,30 December 1899,
,,,30 December 1899,
,,,30 December 1899,
,,,30 December 1899,
,,,30 December 1899,
,,,30 December 1899,
,,,30 December 1899,
,,,30 December 1899,
,,,30 December 1899,
,,,30 December 1899,
,,,30 December 1899,
,,,30 December 1899,
,,,30 December 1899,
,,,30 December 1899,
,,,30 December 1899,
,,,30 December 1899,
,,,30 December 1899,
,,,30 December 1899,
,,,30 December 1899,
,,,30 December 1899,
,,,30 December 1899,
,,,30 December 1899,
,,,30 December 1899,
,,,30 December 1899,
,,,30 December 1899,
,,,30 December 1899,
,,,30 December 1899,
,,,30 December 1899,
,,,30 December 1899,
,,,30 December 1899,
,,,30 December 1899,
,,,30 December 1899,
,,,30 December 1899,
,,,30 December 1899,
,,,30 December 1899,
,,,30 December 1899,
,,,30 December 1899,
,,,30 December 1899,
,,,30 December 1899,
,,,30 December 1899,
,,,30 December 1899,
,,,30 December 1899,
,,,30 December 1899,
,,,30 December 1899,
,,,30 December 1899,
,,,30 December 1899,
,,,30 December 1899,
,,,30 December 1899,
,,,30 December 1899,
,,,30 December 1899,
,,,30 December 1899,
,,,30 December 1899,
,,,30 December 1899,
,,,30 December 1899,
,,,30 December 1899,
,,,30 December 1899,
,,,30 December 1899,
,,,30 December 1899,
,,,30 December 1899,
,,,30 December 1899,
,,,30 December 1899,
,,,30 December 1899,
,,,30 December 1899,
,,,30 December 1899,
,,,30 December 1899,
,,,30 December 1899,
,,,30 December 1899,
,,,30 December 1899,
,,,30 December 1899,
,,,30 December 1899,
,,,30 December 1899,
,,,30 December 1899,
,,,30 December 1899,
,,,30 December 1899,
,,,30 December 1899,
,,,30 December 1899,
,,,30 December 1899,
,,,30 December 1899,
,,,30 December 1899,
,,,30 December 1899,
,,,30 December 1899,
,,,30 December 1899,
,,,30 December 1899,
,,,30 December 1899,
,,,30 December 1899,
,,,30 December 1899,
,,,30 December 1899,
,,,30 December 1899,
,,,30 December 1899,
,,,30 December 1899,
,,,30 December 1899,
,,,30 December 1899,
,,,30 December 1899,
,,,30 December 1899,
,,,30 December 1899,
,,,30 December 1899,
,,,30 December 1899,
,,,30 December 1899,
,,,30 December 1899,
,,,30 December 1899,
,,,30 December 1899,
,,,30 December 1899,
,,,30 December 1899,
,,,30 December 1899,
,,,30 December 1899,
,,,30 December 1899,
,,,30 December 1899,
,,,30 December 1899,
,,,30 December 1899,
,,,30 December 1899,
,,,30 December 1899,
,,,30 December 1899,
,,,30 December 1899,
,,,30 December 1899,
,,,30 December 1899,
,,,30 December 1899,
,,,30 December 1899,
,,,30 December 1899,
,,,30 December 1899,
,,,30 December 1899,
,,,30 December 1899,
,,,30 December 1899,
,,,30 December 1899,
,,,30 December 1899,
,,,30 December 1899,
,,,30 December 1899,
,,,30 December 1899,
,,,30 December 1899,
,,,30 December 1899,
,,,30 December 1899,
,,,30 December 1899,
,,,30 December 1899,
,,,30 December 1899,
,,,30 December 1899,
,,,30 December 1899,
,,,30 December 1899,
,,,30 December 1899,
,,,30 December 1899,
,,,30 December 1899,
,,,30 December 1899,
,,,30 December 1899,
,,,30 December 1899,
,,,30 December 1899,
,,,30 December 1899,
,,,30 December 1899,
,,,30 December 1899,
,,,30 December 1899,
,,,30 December 1899,
,,,30 December 1899,
,,,30 December 1899,
,,,30 December 1899,
,,,30 December 1899,
,,,30 December 1899,
,,,30 December 1899,
,,,30 December 1899,
,,,30 December 1899,
,,,30 December 1899,
,,,30 December 1899,
,,,30 December 1899,
,,,30 December 1899,
,,,30 December 1899,
,,,30 December 1899,
,,,30 December 1899,
,,,30 December 1899,
,,,30 December 1899,
,,,30 December 1899,
,,,30 December 1899,
,,,30 December 1899,
,,,30 December 1899,
,,,30 December 1899,
,,,30 December 1899,
,,,30 December 1899,
,,,30 December 1899,
,,,30 December 1899,
,,,30 December 1899,
,,,30 December 1899,
,,,30 December 1899,
,,,30 December 1899,
,,,30 December 1899,
,,,30 December 1899,
,,,30 December 1899,
,,,30 December 1899,
,,,30 December 1899,
,,,30 December 1899,
,,,30 December 1899,
,,,30 December 1899,
,,,30 December 1899,
,,,30 December 1899,
,,,30 December 1899,
,,,30 December 1899,
,,,30 December 1899,
,,,30 December 1899,
,,,30 December 1899,
,,,30 December 1899,
,,,30 December 1899,
,,,30 December 1899,
,,,30 December 1899,
,,,30 December 1899,
,,,30 December 1899,
,,,30 December 1899,
,,,30 December 1899,
,,,30 December 1899,
,,,30 December 1899,
,,,30 December 1899,
,,,30 December 1899,
,,,30 December 1899,
,,,30 December 1899,
,,,30 December 1899,
,,,30 December 1899,
,,,30 December 1899,
,,,30 December 1899,
,,,30 December 1899,
,,,30 December 1899,
,,,30 December 1899,
,,,30 December 1899,
,,,30 December 1899,
,,,30 December 1899,
,,,30 December 1899,
,,,30 December 1899,
,,,30 December 1899,
,,,30 December 1899,
,,,30 December 1899,
,,,30 December 1899,
,,,30 December 1899,
,,,30 December 1899,
,,,30 December 1899,
,,,30 December 1899,
,,,30 December 1899,
,,,30 December 1899,
,,,30 December 1899,
,,,30 December 1899,
,,,30 December 1899,
,,,30 December 1899,
,,,30 December 1899,
,,,30 December 1899,
,,,30 December 1899,
,,,30 December 1899,
,,,30 December 1899,
,,,30 December 1899,
,,,30 December 1899,
,,,30 December 1899,
,,,30 December 1899,
,,,30 December 1899,
,,,30 December 1899,
,,,30 December 1899,
,,,30 December 1899,
,,,30 December 1899,
,,,30 December 1899,
,,,30 December 1899,
,,,30 December 1899,
,,,30 December 1899,
,,,30 December 1899,
,,,30 December 1899,
,,,30 December 1899,
,,,30 December 1899,
,,,30 December 1899,
,,,30 December 1899,
,,,30 December 1899,
,,,30 December 1899,
,,,30 December 1899,
,,,30 December 1899,
,,,30 December 1899,
,,,30 December 1899,
,,,30 December 1899,
,,,30 December 1899,
,,,30 December 1899,
,,,30 December 1899,
,,,30 December 1899,
,,,30 December 1899,
,,,30 December 1899,
,,,30 December 1899,
,,,30 December 1899,
,,,30 December 1899,
,,,30 December 1899,
,,,30 December 1899,
,,,30 December 1899,
,,,30 December 1899,
,,,30 December 1899,
,,,30 December 1899,
,,,30 December 1899,
,,,30 December 1899,
,,,30 December 1899,
,,,30 December 1899,
,,,30 December 1899,
,,,30 December 1899,
,,,30 December 1899,
,,,30 December 1899,
,,,30 December 1899,
,,,30 December 1899,
,,,30 December 1899,
,,,30 December 1899,
,,,30 December 1899,
,,,30 December 1899,
,,,30 December 1899,
,,,30 December 1899,
,,,30 December 1899,
,,,30 December 1899,
,,,30 December 1899,
,,,30 December 1899,
,,,30 December 1899,
,,,30 December 1899,
,,,30 December 1899,
,,,30 December 1899,
,,,30 December 1899,
,,,30 December 1899,
,,,30 December 1899,
,,,30 December 1899,
,,,30 December 1899,
,,,30 December 1899,
,,,30 December 1899,
,,,30 December 1899,
,,,30 December 1899,
,,,30 December 1899,
,,,30 December 1899,
,,,30 December 1899,
,,,30 December 1899,
,,,30 December 1899,
,,,30 December 1899,
,,,30 December 1899,
,,,30 December 1899,
,,,30 December 1899,
,,,30 December 1899,
,,,30 December 1899,
,,,30 December 1899,
,,,30 December 1899,
,,,30 December 1899,
,,,30 December 1899,
,,,30 December 1899,
,,,30 December 1899,
,,,30 December 1899,
,,,30 December 1899,
,,,30 December 1899,
,,,30 December 1899,
,,,30 December 1899,
,,,30 December 1899,
,,,30 December 1899,
,,,30 December 1899,
,,,30 December 1899,
,,,30 December 1899,
,,,30 December 1899,
,,,30 December 1899,
,,,30 December 1899,
,,,30 December 1899,
,,,30 December 1899,
,,,30 December 1899,
,,,30 December 1899,
,,,30 December 1899,
,,,30 December 1899,
,,,30 December 1899,
,,,30 December 1899,
,,,30 December 1899,
,,,30 December 1899,
,,,30 December 1899,
,,,30 December 1899,
,,,30 December 1899,
,,,30 December 1899,
,,,30 December 1899,
,,,30 December 1899,
,,,30 December 1899,
,,,30 December 1899,
,,,30 December 1899,
,,,30 December 1899,
,,,30 December 1899,
,,,30 December 1899,
,,,30 December 1899,
,,,30 December 1899,
,,,30 December 1899,
,,,30 December 1899,
,,,30 December 1899,
,,,30 December 1899,
,,,30 December 1899,
,,,30 December 1899,
,,,30 December 1899,
,,,30 December 1899,
,,,30 December 1899,
,,,30 December 1899,
,,,30 December 1899,
,,,30 December 1899,
,,,30 December 1899,
,,,30 December 1899,
,,,30 December 1899,
,,,30 December 1899,
,,,30 December 1899,
,,,30 December 1899,
,,,30 December 1899,
,,,30 December 1899,
,,,30 December 1899,
,,,30 December 1899,
,,,30 December 1899,
,,,30 December 1899,
,,,30 December 1899,
,,,30 December 1899,
,,,30 December 1899,
,,,30 December 1899,
,,,30 December 1899,
,,,30 December 1899,
,,,30 December 1899,
,,,30 December 1899,
,,,30 December 1899,
,,,30 December 1899,
,,,30 December 1899,
,,,30 December 1899,
,,,30 December 1899,
,,,30 December 1899,
,,,30 December 1899,
,,,30 December 1899,
,,,30 December 1899,
,,,30 December 1899,
,,,30 December 1899,
,,,30 December 1899,
,,,30 December 1899,
,,,30 December 1899,
,,,30 December 1899,
,,,30 December 1899,
,,,30 December 1899,
,,,30 December 1899,
,,,30 December 1899,
,,,30 December 1899,
,,,30 December 1899,
,,,30 December 1899,
,,,30 December 1899,
,,,30 December 1899,
,,,30 December 1899,
,,,30 December 1899,
,,,30 December 1899,
,,,30 December 1899,
,,,30 December 1899,
,,,30 December 1899,
,,,30 December 1899,
,,,30 December 1899,
,,,30 December 1899,
,,,30 December 1899,
,,,30 December 1899,
,,,30 December 1899,
,,,30 December 1899,
,,,30 December 1899,
,,,30 December 1899,
,,,30 December 1899,
,,,30 December 1899,
,,,30 December 1899,
,,,30 December 1899,
,,,30 December 1899,
,,,30 December 1899,
,,,30 December 1899,
,,,30 December 1899,
,,,30 December 1899,
,,,30 December 1899,
,,,30 December 1899,
,,,30 December 1899,
,,,30 December 1899,
,,,30 December 1899,
,,,30 December 1899,
,,,30 December 1899,
,,,30 December 1899,
,,,30 December 1899,
,,,30 December 1899,
,,,30 December 1899,
,,,30 December 1899,
,,,30 December 1899,
,,,30 December 1899,
,,,30 December 1899,
,,,30 December 1899,
,,,30 December 1899,
,,,30 December 1899,
,,,30 December 1899,
,,,30 December 1899,
,,,30 December 1899,
,,,30 December 1899,
,,,30 December 1899,
,,,30 December 1899,
,,,30 December 1899,
,,,30 December 1899,
,,,30 December 1899,
,,,30 December 1899,
,,,30 December 1899,
,,,30 December 1899,
,,,30 December 1899,
,,,30 December 1899,
,,,30 December 1899,
,,,30 December 1899,
,,,30 December 1899,
,,,30 December 1899,
,,,30 December 1899,
,,,30 December 1899,
,,,30 December 1899,
,,,30 December 1899,
,,,30 December 1899,
,,,30 December 1899,
,,,30 December 1899,
,,,30 December 1899,
,,,30 December 1899,
,,,30 December 1899,
,,,30 December 1899,
,,,30 December 1899,
,,,30 December 1899,
,,,30 December 1899,
,,,30 December 1899,
,,,30 December 1899,
,,,30 December 1899,
,,,30 December 1899,
,,,30 December 1899,
,,,30 December 1899,
,,,30 December 1899,
,,,30 December 1899,
,,,30 December 1899,
,,,30 December 1899,
,,,30 December 1899,
,,,30 December 1899,
,,,30 December 1899,
,,,30 December 1899,
,,,30 December 1899,
,,,30 December 1899,
,,,30 December 1899,
,,,30 December 1899,
,,,30 December 1899,
,,,30 December 1899,
,,,30 December 1899,
,,,30 December 1899,
,,,30 December 1899,
,,,30 December 1899,
,,,30 December 1899,
,,,30 December 1899,
,,,30 December 1899,
,,,30 December 1899,
,,,30 December 1899,
,,,30 December 1899,
,,,30 December 1899,
,,,30 December 1899,
,,,30 December 1899,
,,,30 December 1899,
,,,30 December 1899,
,,,30 December 1899,
,,,30 December 1899,
,,,30 December 1899,
,,,30 December 1899,
,,,30 December 1899,
,,,30 December 1899,
,,,30 December 1899,
,,,30 December 1899,
,,,30 December 1899,
,,,30 December 1899,
,,,30 December 1899,
,,,30 December 1899,
,,,30 December 1899,
,,,30 December 1899,
,,,30 December 1899,
,,,30 December 1899,
,,,30 December 1899,
,,,30 December 1899,
,,,30 December 1899,
,,,30 December 1899,
,,,30 December 1899,
,,,30 December 1899,
,,,30 December 1899,
,,,30 December 1899,
,,,30 December 1899,
,,,30 December 1899,
,,,30 December 1899,
,,,30 December 1899,
,,,30 December 1899,
,,,30 December 1899,
,,,30 December 1899,
,,,30 December 1899,
,,,30 December 1899,
,,,30 December 1899,
,,,30 December 1899,
,,,30 December 1899,
,,,30 December 1899,
,,,30 December 1899,
,,,30 December 1899,
,,,30 December 1899,
,,,30 December 1899,
,,,30 December 1899,
,,,30 December 1899,
,,,30 December 1899,
,,,30 December 1899,
,,,30 December 1899,
,,,30 December 1899,
,,,30 December 1899,
,,,30 December 1899,
,,,30 December 1899,
,,,30 December 1899,
,,,30 December 1899,
,,,30 December 1899,
,,,30 December 1899,
,,,30 December 1899,
,,,30 December 1899,
,,,30 December 1899,
,,,30 December 1899,
,,,30 December 1899,
,,,30 December 1899,
,,,30 December 1899,
,,,30 December 1899,
,,,30 December 1899,
,,,30 December 1899,
,,,30 December 1899,
,,,30 December 1899,
,,,30 December 1899,
,,,30 December 1899,
,,,30 December 1899,
,,,30 December 1899,
,,,30 December 1899,
,,,30 December 1899,
,,,30 December 1899,
,,,30 December 1899,
,,,30 December 1899,
,,,30 December 1899,
,,,30 December 1899,
,,,30 December 1899,
,,,30 December 1899,
,,,30 December 1899,
,,,30 December 1899,
,,,30 December 1899,
,,,30 December 1899,
,,,30 December 1899,
,,,30 December 1899,
,,,30 December 1899,
,,,30 December 1899,
,,,30 December 1899,
,,,30 December 1899,
,,,30 December 1899,
,,,30 December 1899,
,,,30 December 1899,
,,,30 December 1899,
,,,30 December 1899,
,,,30 December 1899,
,,,30 December 1899,
,,,30 December 1899,
,,,30 December 1899,
,,,30 December 1899,
,,,30 December 1899,
,,,30 December 1899,
,,,30 December 1899,
,,,30 December 1899,
,,,30 December 1899,
,,,30 December 1899,
,,,30 December 1899,
,,,30 December 1899,
,,,30 December 1899,
,,,30 December 1899,
,,,30 December 1899,
,,,30 December 1899,
,,,30 December 1899,
,,,30 December 1899,
,,,30 December 1899,
,,,30 December 1899,
,,,30 December 1899,
,,,30 December 1899,
,,,30 December 1899,
,,,30 December 1899,
,,,30 December 1899,
,,,30 December 1899,
,,,30 December 1899,
,,,30 December 1899,
,,,30 December 1899,
,,,30 December 1899,
,,,30 December 1899,
,,,30 December 1899,
,,,30 December 1899,
,,,30 December 1899,
,,,30 December 1899,
,,,30 December 1899,
,,,30 December 1899,
,,,30 December 1899,
,,,30 December 1899,
,,,30 December 1899,
,,,30 December 1899,
,,,30 December 1899,
,,,30 December 1899,
,,,30 December 1899,
,,,30 December 1899,
,,,30 December 1899,
,,,30 December 1899,
,,,30 December 1899,
,,,30 December 1899,
,,,30 December 1899,
,,,30 December 1899,
,,,30 December 1899,
,,,30 December 1899,
,,,30 December 1899,
,,,30 December 1899,
,,,30 December 1899,
,,,30 December 1899,
,,,30 December 1899,
,,,30 December 1899,
,,,30 December 1899,
,,,30 December 1899,
,,,30 December 1899,
,,,30 December 1899,
,,,30 December 1899,
,,,30 December 1899,
,,,30 December 1899,
,,,30 December 1899,
,,,30 December 1899,
,,,30 December 1899,
,,,30 December 1899,
,,,30 December 1899,
,,,30 December 1899,
,,,30 December 1899,
,,,30 December 1899,
,,,30 December 1899,
,,,30 December 1899,
,,,30 December 1899,
,,,30 December 1899,
,,,30 December 1899,
,,,30 December 1899,
,,,30 December 1899,
,,,30 December 1899,
,,,30 December 1899,
,,,30 December 1899,
,,,30 December 1899,
,,,30 December 1899,
,,,30 December 1899,
,,,30 December 1899,
,,,30 December 1899,
,,,30 December 1899,
,,,30 December 1899,
,,,30 December 1899,
,,,30 December 1899,
,,,30 December 1899,
,,,30 December 1899,
,,,30 December 1899,
,,,30 December 1899,
,,,30 December 1899,
,,,30 December 1899,
,,,30 December 1899,
,,,30 December 1899,
,,,30 December 1899,
,,,30 December 1899,
,,,30 December 1899,
,,,30 December 1899,
,,,30 December 1899,
,,,30 December 1899,
,,,30 December 1899,
,,,30 December 1899,
,,,30 December 1899,
,,,30 December 1899,
,,,30 December 1899,
,,,30 December 1899,
,,,30 December 1899,
,,,30 December 1899,
,,,30 December 1899,
,,,30 December 1899,
,,,30 December 1899,
,,,30 December 1899,
,,,30 December 1899,
,,,30 December 1899,
,,,30 December 1899,
,,,30 December 1899,
,,,30 December 1899,
,,,30 December 1899,
,,,30 December 1899,
,,,30 December 1899,
,,,30 December 1899,
,,,30 December 1899,
,,,30 December 1899,
,,,30 December 1899,
,,,30 December 1899,
,,,30 December 1899,
,,,30 December 1899,
,,,30 December 1899,
,,,30 December 1899,
,,,30 December 1899,
,,,30 December 1899,
,,,30 December 1899,
,,,30 December 1899,
,,,30 December 1899,
,,,30 December 1899,
,,,30 December 1899,
,,,30 December 1899,
,,,30 December 1899,
,,,30 December 1899,
,,,30 December 1899,
,,,30 December 1899,
,,,30 December 1899,
,,,30 December 1899,
,,,30 December 1899,
,,,30 December 1899,
,,,30 December 1899,
,,,30 December 1899,
,,,30 December 1899,
,,,30 December 1899,
,,,30 December 1899,
,,,30 December 1899,
,,,30 December 1899,
,,,30 December 1899,
,,,30 December 1899,
,,,30 December 1899,
,,,30 December 1899,
,,,30 December 1899,
,,,30 December 1899,
,,,30 December 1899,
,,,30 December 1899,
,,,30 December 1899,
,,,30 December 1899,
,,,30 December 1899,
,,,30 December 1899,
,,,30 December 1899,
,,,30 December 1899,
,,,30 December 1899,
,,,30 December 1899,
,,,30 December 1899,
,,,30 December 1899,
,,,30 December 1899,
,,,30 December 1899,
,,,30 December 1899,
,,,30 December 1899,
,,,30 December 1899,
,,,30 December 1899,
,,,30 December 1899,
,,,30 December 1899,
,,,30 December 1899,
,,,30 December 1899,
,,,30 December 1899,
,,,30 December 1899,
,,,30 December 1899,
,,,30 December 1899,
,,,30 December 1899,
,,,30 December 1899,
,,,30 December 1899,
,,,30 December 1899,
,,,30 December 1899,
,,,30 December 1899,
,,,30 December 1899,
,,,30 December 1899,
,,,30 December 1899,
,,,30 December 1899,
,,,30 December 1899,
,,,30 December 1899,
,,,30 December 1899,
,,,30 December 1899,
,,,30 December 1899,
,,,30 December 1899,
,,,30 December 1899,
,,,30 December 1899,
,,,30 December 1899,
,,,30 December 1899,
,,,30 December 1899,
,,,30 December 1899,
,,,30 December 1899,
,,,30 December 1899,
,,,30 December 1899,
,,,30 December 1899,
,,,30 December 1899,
,,,30 December 1899,
,,,30 December 1899,
,,,30 December 1899,
,,,30 December 1899,
,,,30 December 1899,
,,,30 December 1899,
,,,30 December 1899,
,,,30 December 1899,
,,,30 December 1899,
,,,30 December 1899,
,,,30 December 1899,
,,,30 December 1899,
,,,30 December 1899,
,,,30 December 1899,
,,,30 December 1899,
,,,30 December 1899,
,,,30 December 1899,
,,,30 December 1899,
,,,30 December 1899,
,,,30 December 1899,
,,,30 December 1899,
,,,30 December 1899,
,,,30 December 1899,
,,,30 December 1899,
,,,30 December 1899,
,,,30 December 1899,
,,,30 December 1899,
,,,30 December 1899,
,,,30 December 1899,
,,,30 December 1899,
,,,30 December 1899,
,,,30 December 1899,
,,,30 December 1899,
,,,30 December 1899,
,,,30 December 1899,
,,,30 December 1899,
,,,30 December 1899,
,,,30 December 1899,
,,,30 December 1899,
,,,30 December 1899,
,,,30 December 1899,
,,,30 December 1899,
,,,30 December 1899,
,,,30 December 1899,
,,,30 December 1899,
,,,30 December 1899,
,,,30 December 1899,
,,,30 December 1899,
,,,30 December 1899,
,,,30 December 1899,
,,,30 December 1899,
,,,30 December 1899,
,,,30 December 1899,
,,,30 December 1899,
,,,30 December 1899,
,,,30 December 1899,
,,,30 December 1899,
,,,30 December 1899,
,,,30 December 1899,
,,,30 December 1899,
,,,30 December 1899,
,,,30 December 1899,
,,,30 December 1899,
,,,30 December 1899,
,,,30 December 1899,
,,,30 December 1899,
,,,30 December 1899,
,,,30 December 1899,
,,,30 December 1899,
,,,30 December 1899,
,,,30 December 1899,
,,,30 December 1899,
,,,30 December 1899,
,,,30 December 1899,
,,,30 December 1899,
,,,30 December 1899,
,,,30 December 1899,
,,,30 December 1899,
,,,30 December 1899,
,,,30 December 1899,
,,,30 December 1899,
,,,30 December 1899,
,,,30 December 1899,
,,,30 December 1899,
,,,30 December 1899,
,,,30 December 1899,
,,,30 December 1899,
,,,30 December 1899,
,,,30 December 1899,
,,,30 December 1899,
,,,30 December 1899,
,,,30 December 1899,
,,,30 December 1899,
,,,30 December 1899,
,,,30 December 1899,
,,,30 December 1899,
,,,30 December 1899,
,,,30 December 1899,
,,,30 December 1899,
,,,30 December 1899,
,,,30 December 1899,
,,,30 December 1899,
,,,30 December 1899,
,,,30 December 1899,
,,,30 December 1899,
,,,30 December 1899,
,,,30 December 1899,
,,,30 December 1899,
,,,30 December 1899,
,,,30 December 1899,
,,,30 December 1899,
,,,30 December 1899,
,,,30 December 1899,
,,,30 December 1899,
,,,30 December 1899,
,,,30 December 1899,
,,,30 December 1899,
,,,30 December 1899,
,,,30 December 1899,
,,,30 December 1899,
,,,30 December 1899,
,,,30 December 1899,
,,,30 December 1899,
,,,30 December 1899,
,,,30 December 1899,
,,,30 December 1899,
,,,30 December 1899,
,,,30 December 1899,
,,,30 December 1899,
,,,30 December 1899,
,,,30 December 1899,
,,,30 December 1899,
,,,30 December 1899,
,,,30 December 1899,
,,,30 December 1899,
,,,30 December 1899,
,,,30 December 1899,
,,,30 December 1899,
,,,30 December 1899,
,,,30 December 1899,
,,,30 December 1899,
,,,30 December 1899,
,,,30 December 1899,
,,,30 December 1899,
,,,30 December 1899,
,,,30 December 1899,
,,,30 December 1899,
,,,30 December 1899,
,,,30 December 1899,
,,,30 December 1899,
,,,30 December 1899,
,,,30 December 1899,
,,,30 December 1899,
,,,30 December 1899,
,,,30 December 1899,
,,,30 December 1899,
,,,30 December 1899,
,,,30 December 1899,
,,,30 December 1899,
,,,30 December 1899,
,,,30 December 1899,
,,,30 December 1899,
,,,30 December 1899,
,,,30 December 1899,
,,,30 December 1899,
,,,30 December 1899,
,,,30 December 1899,
,,,30 December 1899,
,,,30 December 1899,
,,,30 December 1899,
,,,30 December 1899,
,,,30 December 1899,
,,,30 December 1899,
,,,30 December 1899,
,,,30 December 1899,
,,,30 December 1899,
,,,30 December 1899,
,,,30 December 1899,
,,,30 December 1899,
,,,30 December 1899,
,,,30 December 1899,
,,,30 December 1899,
,,,30 December 1899,
,,,30 December 1899,
,,,30 December 1899,
,,,30 December 1899,
,,,30 December 1899,
,,,30 December 1899,
,,,30 December 1899,
,,,30 December 1899,
,,,30 December 1899,
,,,30 December 1899,
,,,30 December 1899,
,,,30 December 1899,
,,,30 December 1899,
,,,30 December 1899,
,,,30 December 1899,
,,,30 December 1899,
,,,30 December 1899,
,,,30 December 1899,
,,,30 December 1899,
,,,30 December 1899,
,,,30 December 1899,
,,,30 December 1899,
,,,30 December 1899,
,,,30 December 1899,
,,,30 December 1899,
,,,30 December 1899,
,,,30 December 1899,
,,,30 December 1899,
,,,30 December 1899,
,,,30 December 1899,
,,,30 December 1899,
,,,30 December 1899,
,,,30 December 1899,
,,,30 December 1899,
,,,30 December 1899,
,,,30 December 1899,
,,,30 December 1899,
,,,30 December 1899,
,,,30 December 1899,
,,,30 December 1899,
,,,30 December 1899,
,,,30 December 1899,
,,,30 December 1899,
,,,30 December 1899,
,,,30 December 1899,
,,,30 December 1899,
,,,30 December 1899,
,,,30 December 1899,
,,,30 December 1899,
,,,30 December 1899,
,,,30 December 1899,
,,,30 December 1899,
,,,30 December 1899,
,,,30 December 1899,
,,,30 December 1899,
,,,30 December 1899,
,,,30 December 1899,
,,,30 December 1899,
,,,30 December 1899,
,,,30 December 1899,
,,,30 December 1899,
,,,30 December 1899,
,,,30 December 1899,
,,,30 December 1899,
,,,30 December 1899,
,,,30 December 1899,
,,,30 December 1899,
,,,30 December 1899,
,,,30 December 1899,
,,,30 December 1899,
,,,30 December 1899,
,,,30 December 1899,
,,,30 December 1899,
,,,30 December 1899,
,,,30 December 1899,
,,,30 December 1899,
,,,30 December 1899,
,,,30 December 1899,
,,,30 December 1899,
,,,30 December 1899,
,,,30 December 1899,
,,,30 December 1899,
,,,30 December 1899,
,,,30 December 1899,
,,,30 December 1899,
,,,30 December 1899,
,,,30 December 1899,
,,,30 December 1899,
,,,30 December 1899,
,,,30 December 1899,
,,,30 December 1899,
,,,30 December 1899,
,,,30 December 1899,
,,,30 December 1899,
,,,30 December 1899,
,,,30 December 1899,
,,,30 December 1899,
,,,30 December 1899,
,,,30 December 1899,
,,,30 December 1899,
,,,30 December 1899,
,,,30 December 1899,
,,,30 December 1899,
,,,30 December 1899,
,,,30 December 1899,
,,,30 December 1899,
,,,30 December 1899,
,,,30 December 1899,
,,,30 December 1899,
,,,30 December 1899,
,,,30 December 1899,
,,,30 December 1899,
,,,30 December 1899,
,,,30 December 1899,
,,,30 December 1899,
,,,30 December 1899,
,,,30 December 1899,
,,,30 December 1899,
,,,30 December 1899,
,,,30 December 1899,
,,,30 December 1899,
,,,30 December 1899,
,,,30 December 1899,
,,,30 December 1899,
,,,30 December 1899,
,,,30 December 1899,
,,,30 December 1899,
,,,30 December 1899,
,,,30 December 1899,
,,,30 December 1899,
,,,30 December 1899,
,,,30 December 1899,
,,,30 December 1899,
,,,30 December 1899,
,,,30 December 1899,
,,,30 December 1899,
,,,30 December 1899,
,,,30 December 1899,
,,,30 December 1899,
,,,30 December 1899,
,,,30 December 1899,
,,,30 December 1899,
,,,30 December 1899,
,,,30 December 1899,
,,,30 December 1899,
,,,30 December 1899,
,,,30 December 1899,
,,,30 December 1899,
,,,30 December 1899,
,,,30 December 1899,
,,,30 December 1899,
,,,30 December 1899,
,,,30 December 1899,
,,,30 December 1899,
,,,30 December 1899,
,,,30 December 1899,
,,,30 December 1899,
,,,30 December 1899,
,,,30 December 1899,
,,,30 December 1899,
,,,30 December 1899,
,,,30 December 1899,
,,,30 December 1899,
,,,30 December 1899,
,,,30 December 1899,
,,,30 December 1899,
,,,30 December 1899,
,,,30 December 1899,
,,,30 December 1899,
,,,30 December 1899,
,,,30 December 1899,
,,,30 December 1899,
,,,30 December 1899,
,,,30 December 1899,
,,,30 December 1899,
,,,30 December 1899,
,,,30 December 1899,
,,,30 December 1899,
,,,30 December 1899,
,,,30 December 1899,
,,,30 December 1899,
,,,30 December 1899,
,,,30 December 1899,
,,,30 December 1899,
,,,30 December 1899,
,,,30 December 1899,
,,,30 December 1899,
,,,30 December 1899,
,,,30 December 1899,
,,,30 December 1899,
,,,30 December 1899,
,,,30 December 1899,
,,,30 December 1899,
,,,30 December 1899,
,,,30 December 1899,
,,,30 December 1899,
,,,30 December 1899,
,,,30 December 1899,
,,,30 December 1899,
,,,30 December 1899,
,,,30 December 1899,
,,,30 December 1899,
,,,30 December 1899,
,,,30 December 1899,
,,,30 December 1899,
,,,30 December 1899,
,,,30 December 1899,
,,,30 December 1899,
,,,30 December 1899,
,,,30 December 1899,
,,,30 December 1899,
,,,30 December 1899,
,,,30 December 1899,
,,,30 December 1899,
,,,30 December 1899,
,,,30 December 1899,
,,,30 December 1899,
,,,30 December 1899,
,,,30 December 1899,
,,,30 December 1899,
,,,30 December 1899,
,,,30 December 1899,
,,,30 December 1899,
,,,30 December 1899,
,,,30 December 1899,
,,,30 December 1899,
,,,30 December 1899,
,,,30 December 1899,
,,,30 December 1899,
,,,30 December 1899,
,,,30 December 1899,
,,,30 December 1899,
,,,30 December 1899,
,,,30 December 1899,
,,,30 December 1899,
,,,30 December 1899,
,,,30 December 1899,
,,,30 December 1899,
,,,30 December 1899,
,,,30 December 1899,
,,,30 December 1899,
,,,30 December 1899,
,,,30 December 1899,
,,,30 December 1899,
,,,30 December 1899,
,,,30 December 1899,
,,,30 December 1899,
,,,30 December 1899,
,,,30 December 1899,
,,,30 December 1899,
,,,30 December 1899,
,,,30 December 1899,
,,,30 December 1899,
,,,30 December 1899,
,,,30 December 1899,
,,,30 December 1899,
,,,30 December 1899,
,,,30 December 1899,
,,,30 December 1899,
,,,30 December 1899,
,,,30 December 1899,
,,,30 December 1899,
,,,30 December 1899,
,,,30 December 1899,
,,,30 December 1899,
,,,30 December 1899,
,,,30 December 1899,
,,,30 December 1899,
,,,30 December 1899,
,,,30 December 1899,
,,,30 December 1899,
,,,30 December 1899,
,,,30 December 1899,
,,,30 December 1899,
,,,30 December 1899,
,,,30 December 1899,
,,,30 December 1899,
,,,30 December 1899,
,,,30 December 1899,
,,,30 December 1899,
,,,30 December 1899,
,,,30 December 1899,
,,,30 December 1899,
,,,30 December 1899,
,,,30 December 1899,
,,,30 December 1899,
,,,30 December 1899,
,,,30 December 1899,
,,,30 December 1899,
,,,30 December 1899,
,,,30 December 1899,
,,,30 December 1899,
,,,30 December 1899,
,,,30 December 1899,
,,,30 December 1899,
,,,30 December 1899,
,,,30 December 1899,
,,,30 December 1899,
,,,30 December 1899,
,,,30 December 1899,
,,,30 December 1899,
,,,30 December 1899,
,,,30 December 1899,
,,,30 December 1899,
,,,30 December 1899,
,,,30 December 1899,
,,,30 December 1899,
,,,30 December 1899,
,,,30 December 1899,
,,,30 December 1899,
,,,30 December 1899,
,,,30 December 1899,
,,,30 December 1899,
,,,30 December 1899,
,,,30 December 1899,
,,,30 December 1899,
,,,30 December 1899,
,,,30 December 1899,
,,,30 December 1899,
,,,30 December 1899,
,,,30 December 1899,
,,,30 December 1899,
,,,30 December 1899,
,,,30 December 1899,
,,,30 December 1899,
,,,30 December 1899,
,,,30 December 1899,
,,,30 December 1899,
,,,30 December 1899,
,,,30 December 1899,
,,,30 December 1899,
,,,30 December 1899,
,,,30 December 1899,
,,,30 December 1899,
,,,30 December 1899,
,,,30 December 1899,
,,,30 December 1899,
,,,30 December 1899,
,,,30 December 1899,
,,,30 December 1899,
,,,30 December 1899,
,,,30 December 1899,
,,,30 December 1899,
,,,30 December 1899,
,,,30 December 1899,
,,,30 December 1899,
,,,30 December 1899,
,,,30 December 1899,
,,,30 December 1899,
,,,30 December 1899,
,,,30 December 1899,
,,,30 December 1899,
,,,30 December 1899,
,,,30 December 1899,
,,,30 December 1899,
,,,30 December 1899,
,,,30 December 1899,
,,,30 December 1899,
,,,30 December 1899,
,,,30 December 1899,
,,,30 December 1899,
,,,30 December 1899,
,,,30 December 1899,
,,,30 December 1899,
,,,30 December 1899,
,,,30 December 1899,
,,,30 December 1899,
,,,30 December 1899,
,,,30 December 1899,
,,,30 December 1899,
,,,30 December 1899,
,,,30 December 1899,
,,,30 December 1899,
,,,30 December 1899,
,,,30 December 1899,
,,,30 December 1899,
,,,30 December 1899,
,,,30 December 1899,
,,,30 December 1899,
,,,30 December 1899,
,,,30 December 1899,
,,,30 December 1899,
,,,30 December 1899,
,,,30 December 1899,
,,,30 December 1899,
,,,30 December 1899,
,,,30 December 1899,
,,,30 December 1899,
,,,30 December 1899,
,,,30 December 1899,
,,,30 December 1899,
,,,30 December 1899,
,,,30 December 1899,
,,,30 December 1899,
,,,30 December 1899,
,,,30 December 1899,
,,,30 December 1899,
,,,30 December 1899,
,,,30 December 1899,
,,,30 December 1899,
,,,30 December 1899,
,,,30 December 1899,
,,,30 December 1899,
,,,30 December 1899,
,,,30 December 1899,
,,,30 December 1899,
,,,30 December 1899,
,,,30 December 1899,
,,,30 December 1899,
,,,30 December 1899,
,,,30 December 1899,
,,,30 December 1899,
,,,30 December 1899,
,,,30 December 1899,
,,,30 December 1899,
,,,30 December 1899,
,,,30 December 1899,
,,,30 December 1899,
,,,30 December 1899,
,,,30 December 1899,
,,,30 December 1899,
,,,30 December 1899,
,,,30 December 1899,
,,,30 December 1899,
,,,30 December 1899,
,,,30 December 1899,
,,,30 December 1899,
,,,30 December 1899,
,,,30 December 1899,
,,,30 December 1899,
,,,30 December 1899,
,,,30 December 1899,
,,,30 December 1899,
,,,30 December 1899,
,,,30 December 1899,
,,,30 December 1899,
,,,30 December 1899,
,,,30 December 1899,
,,,30 December 1899,
,,,30 December 1899,
,,,30 December 1899,
,,,30 December 1899,
,,,30 December 1899,
,,,30 December 1899,
,,,30 December 1899,
,,,30 December 1899,
,,,30 December 1899,
,,,30 December 1899,
,,,30 December 1899,
,,,30 December 1899,
,,,30 December 1899,
,,,30 December 1899,
,,,30 December 1899,
,,,30 December 1899,
,,,30 December 1899,
,,,30 December 1899,
,,,30 December 1899,
,,,30 December 1899,
,,,30 December 1899,
,,,30 December 1899,
,,,30 December 1899,
,,,30 December 1899,
,,,30 December 1899,
,,,30 December 1899,
,,,30 December 1899,
,,,30 December 1899,
,,,30 December 1899,
,,,30 December 1899,
,,,30 December 1899,
,,,30 December 1899,
,,,30 December 1899,
,,,30 December 1899,
,,,30 December 1899,
,,,30 December 1899,
,,,30 December 1899,
,,,30 December 1899,
,,,30 December 1899,
,,,30 December 1899,
,,,30 December 1899,
,,,30 December 1899,
,,,30 December 1899,
,,,30 December 1899,
,,,30 December 1899,
,,,30 December 1899,
,,,30 December 1899,
,,,30 December 1899,
,,,30 December 1899,
,,,30 December 1899,
,,,30 December 1899,
,,,30 December 1899,
,,,30 December 1899,
,,,30 December 1899,
,,,30 December 1899,
,,,30 December 1899,
,,,30 December 1899,
,,,30 December 1899,
,,,30 December 1899,
,,,30 December 1899,
,,,30 December 1899,
,,,30 December 1899,
,,,30 December 1899,
,,,30 December 1899,
,,,30 December 1899,
,,,30 December 1899,
,,,30 December 1899,
,,,30 December 1899,
,,,30 December 1899,
,,,30 December 1899,
,,,30 December 1899,
,,,30 December 1899,
,,,30 December 1899,
,,,30 December 1899,
,,,30 December 1899,
,,,30 December 1899,
,,,30 December 1899,
,,,30 December 1899,
,,,30 December 1899,
,,,30 December 1899,
,,,30 December 1899,
,,,30 December 1899,
,,,30 December 1899,
,,,30 December 1899,
,,,30 December 1899,
,,,30 December 1899,
,,,30 December 1899,
,,,30 December 1899,
,,,30 December 1899,
,,,30 December 1899,
,,,30 December 1899,
,,,30 December 1899,
,,,30 December 1899,
,,,30 December 1899,
,,,30 December 1899,
,,,30 December 1899,
,,,30 December 1899,
,,,30 December 1899,
,,,30 December 1899,
,,,30 December 1899,
,,,30 December 1899,
,,,30 December 1899,
,,,30 December 1899,
,,,30 December 1899,
,,,30 December 1899,
,,,30 December 1899,
,,,30 December 1899,
,,,30 December 1899,
,,,30 December 1899,
,,,30 December 1899,
,,,30 December 1899,
,,,30 December 1899,
,,,30 December 1899,
,,,30 December 1899,
,,,30 December 1899,
,,,30 December 1899,
,,,30 December 1899,
,,,30 December 1899,
,,,30 December 1899,
,,,30 December 1899,
,,,30 December 1899,
,,,30 December 1899,
,,,30 December 1899,
,,,30 December 1899,
,,,30 December 1899,
,,,30 December 1899,
,,,30 December 1899,
,,,30 December 1899,
,,,30 December 1899,
,,,30 December 1899,
,,,30 December 1899,
,,,30 December 1899,
,,,30 December 1899,
,,,30 December 1899,
,,,30 December 1899,
,,,30 December 1899,
,,,30 December 1899,
,,,30 December 1899,
,,,30 December 1899,
,,,30 December 1899,
,,,30 December 1899,
,,,30 December 1899,
,,,30 December 1899,
,,,30 December 1899,
,,,30 December 1899,
,,,30 December 1899,
,,,30 December 1899,
,,,30 December 1899,
,,,30 December 1899,
,,,30 December 1899,
,,,30 December 1899,
,,,30 December 1899,
,,,30 December 1899,
,,,30 December 1899,
,,,30 December 1899,
,,,30 December 1899,
,,,30 December 1899,
,,,30 December 1899,
,,,30 December 1899,
,,,30 December 1899,
,,,30 December 1899,
,,,30 December 1899,
,,,30 December 1899,
,,,30 December 1899,
,,,30 December 1899,
,,,30 December 1899,
,,,30 December 1899,
,,,30 December 1899,
,,,30 December 1899,
,,,30 December 1899,
,,,30 December 1899,
,,,30 December 1899,
,,,30 December 1899,
,,,30 December 1899,
,,,30 December 1899,
,,,30 December 1899,
,,,30 December 1899,
,,,30 December 1899,
,,,30 December 1899,
,,,30 December 1899,
,,,30 December 1899,
,,,30 December 1899,
,,,30 December 1899,
,,,30 December 1899,
,,,30 December 1899,
,,,30 December 1899,
,,,30 December 1899,
,,,30 December 1899,
,,,30 December 1899,
,,,30 December 1899,
,,,30 December 1899,
,,,30 December 1899,
,,,30 December 1899,
,,,30 December 1899,
,,,30 December 1899,
,,,30 December 1899,
,,,30 December 1899,
,,,30 December 1899,
,,,30 December 1899,
,,,30 December 1899,
,,,30 December 1899,
,,,30 December 1899,
,,,30 December 1899,
,,,30 December 1899,
,,,30 December 1899,
,,,30 December 1899,
,,,30 December 1899,
,,,30 December 1899,
,,,30 December 1899,
,,,30 December 1899,
,,,30 December 1899,
,,,30 December 1899,
,,,30 December 1899,
,,,30 December 1899,
,,,30 December 1899,
,,,30 December 1899,
,,,30 December 1899,
,,,30 December 1899,
,,,30 December 1899,
,,,30 December 1899,
,,,30 December 1899,
,,,30 December 1899,
,,,30 December 1899,
,,,30 December 1899,
,,,30 December 1899,
,,,30 December 1899,
,,,30 December 1899,
,,,30 December 1899,
,,,30 December 1899,
,,,30 December 1899,
,,,30 December 1899,
,,,30 December 1899,
,,,30 December 1899,
,,,30 December 1899,
,,,30 December 1899,
,,,30 December 1899,
,,,30 December 1899,
,,,30 December 1899,
,,,30 December 1899,
,,,30 December 1899,
,,,30 December 1899,
,,,30 December 1899,
,,,30 December 1899,
,,,30 December 1899,
,,,30 December 1899,
,,,30 December 1899,
,,,30 December 1899,
,,,30 December 1899,
,,,30 December 1899,
,,,30 December 1899,
,,,30 December 1899,
,,,30 December 1899,
,,,30 December 1899,
,,,30 December 1899,
,,,30 December 1899,
,,,30 December 1899,
,,,30 December 1899,
,,,30 December 1899,
,,,30 December 1899,
,,,30 December 1899,
,,,30 December 1899,
,,,30 December 1899,
,,,30 December 1899,
,,,30 December 1899,
,,,30 December 1899,
,,,30 December 1899,
,,,30 December 1899,
,,,30 December 1899,
,,,30 December 1899,
,,,30 December 1899,
,,,30 December 1899,
,,,30 December 1899,
,,,30 December 1899,
,,,30 December 1899,
,,,30 December 1899,
,,,30 December 1899,
,,,30 December 1899,
,,,30 December 1899,
,,,30 December 1899,
,,,30 December 1899,
,,,30 December 1899,
,,,30 December 1899,
,,,30 December 1899,
,,,30 December 1899,
,,,30 December 1899,
,,,30 December 1899,
,,,30 December 1899,
,,,30 December 1899,
,,,30 December 1899,
,,,30 December 1899,
,,,30 December 1899,
,,,30 December 1899,
,,,30 December 1899,
,,,30 December 1899,
,,,30 December 1899,
,,,30 December 1899,
,,,30 December 1899,
,,,30 December 1899,
,,,30 December 1899,
,,,30 December 1899,
,,,30 December 1899,
,,,30 December 1899,
,,,30 December 1899,
,,,30 December 1899,
,,,30 December 1899,
,,,30 December 1899,
,,,30 December 1899,
,,,30 December 1899,
,,,30 December 1899,
,,,30 December 1899,
,,,30 December 1899,
,,,30 December 1899,
,,,30 December 1899,
,,,30 December 1899,
,,,30 December 1899,
,,,30 December 1899,
,,,30 December 1899,
,,,30 December 1899,
,,,30 December 1899,
,,,30 December 1899,
,,,30 December 1899,
,,,30 December 1899,
,,,30 December 1899,
,,,30 December 1899,
,,,30 December 1899,
,,,30 December 1899,
,,,30 December 1899,
,,,30 December 1899,
,,,30 December 1899,
,,,30 December 1899,
,,,30 December 1899,
,,,30 December 1899,
,,,30 December 1899,
,,,30 December 1899,
,,,30 December 1899,
,,,30 December 1899,
,,,30 December 1899,
,,,30 December 1899,
,,,30 December 1899,
,,,30 December 1899,
,,,30 December 1899,
,,,30 December 1899,
,,,30 December 1899,
,,,30 December 1899,
,,,30 December 1899,
,,,30 December 1899,
,,,30 December 1899,
,,,30 December 1899,
,,,30 December 1899,
,,,30 December 1899,
,,,30 December 1899,
,,,30 December 1899,
,,,30 December 1899,
,,,30 December 1899,
,,,30 December 1899,
,,,30 December 1899,
,,,30 December 1899,
,,,30 December 1899,
,,,30 December 1899,
,,,30 December 1899,
,,,30 December 1899,
,,,30 December 1899,
,,,30 December 1899,
,,,30 December 1899,
,,,30 December 1899,
,,,30 December 1899,
,,,30 December 1899,
,,,30 December 1899,
,,,30 December 1899,
,,,30 December 1899,
,,,30 December 1899,
,,,30 December 1899,
,,,30 December 1899,
,,,30 December 1899,
,,,30 December 1899,
,,,30 December 1899,
,,,30 December 1899,
,,,30 December 1899,
,,,30 December 1899,
,,,30 December 1899,
,,,30 December 1899,
,,,30 December 1899,
,,,30 December 1899,
,,,30 December 1899,
,,,30 December 1899,
,,,30 December 1899,
,,,30 December 1899,
,,,30 December 1899,
,,,30 December 1899,
,,,30 December 1899,
,,,30 December 1899,
,,,30 December 1899,
,,,30 December 1899,
,,,30 December 1899,
,,,30 December 1899,
,,,30 December 1899,
,,,30 December 1899,
,,,30 December 1899,
,,,30 December 1899,
,,,30 December 1899,
,,,30 December 1899,
,,,30 December 1899,
,,,30 December 1899,
,,,30 December 1899,
,,,30 December 1899,
,,,30 December 1899,
,,,30 December 1899,
,,,30 December 1899,
,,,30 December 1899,
,,,30 December 1899,
,,,30 December 1899,
,,,30 December 1899,
,,,30 December 1899,
,,,30 December 1899,
,,,30 December 1899,
,,,30 December 1899,
,,,30 December 1899,
,,,30 December 1899,
,,,30 December 1899,
,,,30 December 1899,
,,,30 December 1899,
,,,30 December 1899,
,,,30 December 1899,
,,,30 December 1899,
,,,30 December 1899,
,,,30 December 1899,
,,,30 December 1899,
,,,30 December 1899,
,,,30 December 1899,
,,,30 December 1899,
,,,30 December 1899,
,,,30 December 1899,
,,,30 December 1899,
,,,30 December 1899,
,,,30 December 1899,
,,,30 December 1899,
,,,30 December 1899,
,,,30 December 1899,
,,,30 December 1899,
,,,30 December 1899,
,,,30 December 1899,
,,,30 December 1899,
,,,30 December 1899,
,,,30 December 1899,
,,,30 December 1899,
,,,30 December 1899,
,,,30 December 1899,
,,,30 December 1899,
,,,30 December 1899,
,,,30 December 1899,
,,,30 December 1899,
,,,30 December 1899,
,,,30 December 1899,
,,,30 December 1899,
,,,30 December 1899,
,,,30 December 1899,
,,,30 December 1899,
,,,30 December 1899,
,,,30 December 1899,
,,,30 December 1899,
,,,30 December 1899,
,,,30 December 1899,
,,,30 December 1899,
,,,30 December 1899,
,,,30 December 1899,
,,,30 December 1899,
,,,30 December 1899,
,,,30 December 1899,
,,,30 December 1899,
,,,30 December 1899,
,,,30 December 1899,
,,,30 December 1899,
,,,30 December 1899,
,,,30 December 1899,
,,,30 December 1899,
,,,30 December 1899,
,,,30 December 1899,
,,,30 December 1899,
,,,30 December 1899,
,,,30 December 1899,
,,,30 December 1899,
,,,30 December 1899,
,,,30 December 1899,
,,,30 December 1899,
,,,30 December 1899,
,,,30 December 1899,
,,,30 December 1899,
,,,30 December 1899,
,,,30 December 1899,
,,,30 December 1899,
,,,30 December 1899,
,,,30 December 1899,
,,,30 December 1899,
,,,30 December 1899,
,,,30 December 1899,
,,,30 December 1899,
,,,30 December 1899,
,,,30 December 1899,
,,,30 December 1899,
,,,30 December 1899,
,,,30 December 1899,
,,,30 December 1899,
,,,30 December 1899,
,,,30 December 1899,
,,,30 December 1899,
,,,30 December 1899,
,,,30 December 1899,
,,,30 December 1899,
,,,30 December 1899,
,,,30 December 1899,
,,,30 December 1899,
,,,30 December 1899,
,,,30 December 1899,
,,,30 December 1899,
,,,30 December 1899,
,,,30 December 1899,
,,,30 December 1899,
,,,30 December 1899,
,,,30 December 1899,
,,,30 December 1899,
,,,30 December 1899,
,,,30 December 1899,
,,,30 December 1899,
,,,30 December 1899,
,,,30 December 1899,
,,,30 December 1899,
,,,30 December 1899,
,,,30 December 1899,
,,,30 December 1899,
,,,30 December 1899,
,,,30 December 1899,
,,,30 December 1899,
,,,30 December 1899,
,,,30 December 1899,
,,,30 December 1899,
,,,30 December 1899,
,,,30 December 1899,
,,,30 December 1899,
,,,30 December 1899,
,,,30 December 1899,
,,,30 December 1899,
,,,30 December 1899,
,,,30 December 1899,
,,,30 December 1899,
,,,30 December 1899,
,,,30 December 1899,
,,,30 December 1899,
,,,30 December 1899,
,,,30 December 1899,
,,,30 December 1899,
,,,30 December 1899,
,,,30 December 1899,
,,,30 December 1899,
,,,30 December 1899,
,,,30 December 1899,
,,,30 December 1899,
,,,30 December 1899,
,,,30 December 1899,
,,,30 December 1899,
,,,30 December 1899,
,,,30 December 1899,
,,,30 December 1899,
,,,30 December 1899,
,,,30 December 1899,
,,,30 December 1899,
,,,30 December 1899,
,,,30 December 1899,
,,,30 December 1899,
,,,30 December 1899,
,,,30 December 1899,
,,,30 December 1899,
,,,30 December 1899,
,,,30 December 1899,
,,,30 December 1899,
,,,30 December 1899,
,,,30 December 1899,
,,,30 December 1899,
,,,30 December 1899,
,,,30 December 1899,
,,,30 December 1899,
,,,30 December 1899,
,,,30 December 1899,
,,,30 December 1899,
,,,30 December 1899,
,,,30 December 1899,
,,,30 December 1899,
,,,30 December 1899,
,,,30 December 1899,
,,,30 December 1899,
,,,30 December 1899,
,,,30 December 1899,
,,,30 December 1899,
,,,30 December 1899,
,,,30 December 1899,
,,,30 December 1899,
,,,30 December 1899,
,,,30 December 1899,
,,,30 December 1899,
,,,30 December 1899,
,,,30 December 1899,
,,,30 December 1899,
,,,30 December 1899,
,,,30 December 1899,
,,,30 December 1899,
,,,30 December 1899,
,,,30 December 1899,
,,,30 December 1899,
,,,30 December 1899,
,,,30 December 1899,
,,,30 December 1899,
,,,30 December 1899,
,,,30 December 1899,
,,,30 December 1899,
,,,30 December 1899,
,,,30 December 1899,
,,,30 December 1899,
,,,30 December 1899,
,,,30 December 1899,
,,,30 December 1899,
,,,30 December 1899,
,,,30 December 1899,
,,,30 December 1899,
,,,30 December 1899,
,,,30 December 1899,
,,,30 December 1899,
,,,30 December 1899,
,,,30 December 1899,
,,,30 December 1899,
,,,30 December 1899,
,,,30 December 1899,
,,,30 December 1899,
,,,30 December 1899,
,,,30 December 1899,
,,,30 December 1899,
,,,30 December 1899,
,,,30 December 1899,
,,,30 December 1899,
,,,30 December 1899,
,,,30 December 1899,
,,,30 December 1899,
,,,30 December 1899,
,,,30 December 1899,
,,,30 December 1899,
,,,30 December 1899,
,,,30 December 1899,
,,,30 December 1899,
,,,30 December 1899,
,,,30 December 1899,
,,,30 December 1899,
,,,30 December 1899,
,,,30 December 1899,
,,,30 December 1899,
,,,30 December 1899,
,,,30 December 1899,
,,,30 December 1899,
,,,30 December 1899,
,,,30 December 1899,
,,,30 December 1899,
,,,30 December 1899,
,,,30 December 1899,
,,,30 December 1899,
,,,30 December 1899,
,,,30 December 1899,
,,,30 December 1899,
,,,30 December 1899,
,,,30 December 1899,
,,,30 December 1899,
,,,30 December 1899,
,,,30 December 1899,
,,,30 December 1899,
,,,30 December 1899,
,,,30 December 1899,
,,,30 December 1899,
,,,30 December 1899,
,,,30 December 1899,
,,,30 December 1899,
,,,30 December 1899,
,,,30 December 1899,
,,,30 December 1899,
,,,30 December 1899,
,,,30 December 1899,
,,,30 December 1899,
,,,30 December 1899,
,,,30 December 1899,
,,,30 December 1899,
,,,30 December 1899,
,,,30 December 1899,
,,,30 December 1899,
,,,30 December 1899,
,,,30 December 1899,
,,,30 December 1899,
,,,30 December 1899,
,,,30 December 1899,
,,,30 December 1899,
,,,30 December 1899,
,,,30 December 1899,
,,,30 December 1899,
,,,30 December 1899,
,,,30 December 1899,
,,,30 December 1899,
,,,30 December 1899,
,,,30 December 1899,
,,,30 December 1899,
,,,30 December 1899,
,,,30 December 1899,
,,,30 December 1899,
,,,30 December 1899,
,,,30 December 1899,
,,,30 December 1899,
,,,30 December 1899,
,,,30 December 1899,
,,,30 December 1899,
,,,30 December 1899,
,,,30 December 1899,
,,,30 December 1899,
,,,30 December 1899,
,,,30 December 1899,
,,,30 December 1899,
,,,30 December 1899,
,,,30 December 1899,
,,,30 December 1899,
,,,30 December 1899,
,,,30 December 1899,
,,,30 December 1899,
,,,30 December 1899,
,,,30 December 1899,
,,,30 December 1899,
,,,30 December 1899,
,,,30 December 1899,
,,,30 December 1899,
,,,30 December 1899,
,,,30 December 1899,
,,,30 December 1899,
,,,30 December 1899,
,,,30 December 1899,
,,,30 December 1899,
,,,30 December 1899,
,,,30 December 1899,
,,,30 December 1899,
,,,30 December 1899,
,,,30 December 1899,
,,,30 December 1899,
,,,30 December 1899,
,,,30 December 1899,
,,,30 December 1899,
,,,30 December 1899,
,,,30 December 1899,
,,,30 December 1899,
,,,30 December 1899,
,,,30 December 1899,
,,,30 December 1899,
,,,30 December 1899,
,,,30 December 1899,
,,,30 December 1899,
,,,30 December 1899,
,,,30 December 1899,
,,,30 December 1899,
,,,30 December 1899,
,,,30 December 1899,
,,,30 December 1899,
,,,30 December 1899,
,,,30 December 1899,
,,,30 December 1899,
,,,30 December 1899,
,,,30 December 1899,
,,,30 December 1899,
,,,30 December 1899,
,,,30 December 1899,
,,,30 December 1899,
,,,30 December 1899,
,,,30 December 1899,
,,,30 December 1899,
,,,30 December 1899,
,,,30 December 1899,
,,,30 December 1899,
,,,30 December 1899,
,,,30 December 1899,
,,,30 December 1899,
,,,30 December 1899,
,,,30 December 1899,
,,,30 December 1899,
,,,30 December 1899,
,,,30 December 1899,
,,,30 December 1899,
,,,30 December 1899,
,,,30 December 1899,
,,,30 December 1899,
,,,30 December 1899,
,,,30 December 1899,
,,,30 December 1899,
,,,30 December 1899,
,,,30 December 1899,
,,,30 December 1899,
,,,30 December 1899,
,,,30 December 1899,
,,,30 December 1899,
,,,30 December 1899,
,,,30 December 1899,
,,,30 December 1899,
,,,30 December 1899,
,,,30 December 1899,
,,,30 December 1899,
,,,30 December 1899,
,,,30 December 1899,
,,,30 December 1899,
,,,30 December 1899,
,,,30 December 1899,
,,,30 December 1899,
,,,30 December 1899,
,,,30 December 1899,
,,,30 December 1899,
,,,30 December 1899,
,,,30 December 1899,
,,,30 December 1899,
,,,30 December 1899,
,,,30 December 1899,
,,,30 December 1899,
,,,30 December 1899,
,,,30 December 1899,
,,,30 December 1899,
,,,30 December 1899,
,,,30 December 1899,
,,,30 December 1899,
,,,30 December 1899,
,,,30 December 1899,
,,,30 December 1899,
,,,30 December 1899,
,,,30 December 1899,
,,,30 December 1899,
,,,30 December 1899,
,,,30 December 1899,
,,,30 December 1899,
,,,30 December 1899,
,,,30 December 1899,
,,,30 December 1899,
,,,30 December 1899,
,,,30 December 1899,
,,,30 December 1899,
,,,30 December 1899,
,,,30 December 1899,
,,,30 December 1899,
,,,30 December 1899,
,,,30 December 1899,
,,,30 December 1899,
,,,30 December 1899,
,,,30 December 1899,
,,,30 December 1899,
,,,30 December 1899,
,,,30 December 1899,
,,,30 December 1899,
,,,30 December 1899,
,,,30 December 1899,
,,,30 December 1899,
,,,30 December 1899,
,,,30 December 1899,
,,,30 December 1899,
,,,30 December 1899,
,,,30 December 1899,
,,,30 December 1899,
,,,30 December 1899,
,,,30 December 1899,
,,,30 December 1899,
,,,30 December 1899,
,,,30 December 1899,
,,,30 December 1899,
,,,30 December 1899,
,,,30 December 1899,
,,,30 December 1899,
,,,30 December 1899,
,,,30 December 1899,
,,,30 December 1899,
,,,30 December 1899,
,,,30 December 1899,
,,,30 December 1899,
,,,30 December 1899,
,,,30 December 1899,
,,,30 December 1899,
,,,30 December 1899,
,,,30 December 1899,
,,,30 December 1899,
,,,30 December 1899,
,,,30 December 1899,
,,,30 December 1899,
,,,30 December 1899,
,,,30 December 1899,
,,,30 December 1899,
,,,30 December 1899,
,,,30 December 1899,
,,,30 December 1899,
,,,30 December 1899,
,,,30 December 1899,
,,,30 December 1899,
,,,30 December 1899,
,,,30 December 1899,
,,,30 December 1899,
,,,30 December 1899,
,,,30 December 1899,
,,,30 December 1899,
,,,30 December 1899,
,,,30 December 1899,
,,,30 December 1899,
,,,30 December 1899,
,,,30 December 1899,
,,,30 December 1899,
,,,30 December 1899,
,,,30 December 1899,
,,,30 December 1899,
,,,30 December 1899,
,,,30 December 1899,
,,,30 December 1899,
,,,30 December 1899,
,,,30 December 1899,
,,,30 December 1899,
,,,30 December 1899,
,,,30 December 1899,
,,,30 December 1899,
,,,30 December 1899,
,,,30 December 1899,
,,,30 December 1899,
,,,30 December 1899,
,,,30 December 1899,
,,,30 December 1899,
,,,30 December 1899,
,,,30 December 1899,
,,,30 December 1899,
,,,30 December 1899,
,,,30 December 1899,
,,,30 December 1899,
,,,30 December 1899,
,,,30 December 1899,
,,,30 December 1899,
,,,30 December 1899,
,,,30 December 1899,
,,,30 December 1899,
,,,30 December 1899,
,,,30 December 1899,
,,,30 December 1899,
,,,30 December 1899,
,,,30 December 1899,
,,,30 December 1899,
,,,30 December 1899,
,,,30 December 1899,
,,,30 December 1899,
,,,30 December 1899,
,,,30 December 1899,
,,,30 December 1899,
,,,30 December 1899,
,,,30 December 1899,
,,,30 December 1899,
,,,30 December 1899,
,,,30 December 1899,
,,,30 December 1899,
,,,30 December 1899,
,,,30 December 1899,
,,,30 December 1899,
,,,30 December 1899,
,,,30 December 1899,
,,,30 December 1899,
,,,30 December 1899,
,,,30 December 1899,
,,,30 December 1899,
,,,30 December 1899,
,,,30 December 1899,
,,,30 December 1899,
,,,30 December 1899,
,,,30 December 1899,
,,,30 December 1899,
,,,30 December 1899,
,,,30 December 1899,
,,,30 December 1899,
,,,30 December 1899,
,,,30 December 1899,
,,,30 December 1899,
,,,30 December 1899,
,,,30 December 1899,
,,,30 December 1899,
,,,30 December 1899,
,,,30 December 1899,
,,,30 December 1899,
,,,30 December 1899,
,,,30 December 1899,
,,,30 December 1899,
,,,30 December 1899,
,,,30 December 1899,
,,,30 December 1899,
,,,30 December 1899,
,,,30 December 1899,
,,,30 December 1899,
,,,30 December 1899,
,,,30 December 1899,
,,,30 December 1899,
,,,30 December 1899,
,,,30 December 1899,
,,,30 December 1899,
,,,30 December 1899,
,,,30 December 1899,
,,,30 December 1899,
,,,30 December 1899,
,,,30 December 1899,
,,,30 December 1899,
,,,30 December 1899,
,,,30 December 1899,
,,,30 December 1899,
,,,30 December 1899,
,,,30 December 1899,
,,,30 December 1899,
,,,30 December 1899,
,,,30 December 1899,
,,,30 December 1899,
,,,30 December 1899,
,,,30 December 1899,
,,,30 December 1899,
,,,30 December 1899,
,,,30 December 1899,
,,,30 December 1899,
,,,30 December 1899,
,,,30 December 1899,
,,,30 December 1899,
,,,30 December 1899,
,,,30 December 1899,
,,,30 December 1899,
,,,30 December 1899,
,,,30 December 1899,
,,,30 December 1899,
,,,30 December 1899,
,,,30 December 1899,
,,,30 December 1899,
,,,30 December 1899,
,,,30 December 1899,
,,,30 December 1899,
,,,30 December 1899,
,,,30 December 1899,
,,,30 December 1899,
,,,30 December 1899,
,,,30 December 1899,
,,,30 December 1899,
,,,30 December 1899,
,,,30 December 1899,
,,,30 December 1899,
,,,30 December 1899,
,,,30 December 1899,
,,,30 December 1899,
,,,30 December 1899,
,,,30 December 1899,
,,,30 December 1899,
,,,30 December 1899,
,,,30 December 1899,
,,,30 December 1899,
,,,30 December 1899,
,,,30 December 1899,
,,,30 December 1899,
,,,30 December 1899,
,,,30 December 1899,
,,,30 December 1899,
,,,30 December 1899,
,,,30 December 1899,
,,,30 December 1899,
,,,30 December 1899,
,,,30 December 1899,
,,,30 December 1899,
,,,30 December 1899,
,,,30 December 1899,
,,,30 December 1899,
,,,30 December 1899,
,,,30 December 1899,
,,,30 December 1899,
,,,30 December 1899,
,,,30 December 1899,
,,,30 December 1899,
,,,30 December 1899,
,,,30 December 1899,
,,,30 December 1899,
,,,30 December 1899,
,,,30 December 1899,
,,,30 December 1899,
,,,30 December 1899,
,,,30 December 1899,
,,,30 December 1899,
,,,30 December 1899,
,,,30 December 1899,
,,,30 December 1899,
,,,30 December 1899,
,,,30 December 1899,
,,,30 December 1899,
,,,30 December 1899,
,,,30 December 1899,
,,,30 December 1899,
,,,30 December 1899,
,,,30 December 1899,
,,,30 December 1899,
,,,30 December 1899,
,,,30 December 1899,
,,,30 December 1899,
,,,30 December 1899,
,,,30 December 1899,
,,,30 December 1899,
,,,30 December 1899,
,,,30 December 1899,
,,,30 December 1899,
,,,30 December 1899,
,,,30 December 1899,
,,,30 December 1899,
,,,30 December 1899,
,,,30 December 1899,
,,,30 December 1899,
,,,30 December 1899,
,,,30 December 1899,
,,,30 December 1899,
,,,30 December 1899,
,,,30 December 1899,
,,,30 December 1899,
,,,30 December 1899,
,,,30 December 1899,
,,,30 December 1899,
,,,30 December 1899,
,,,30 December 1899,
,,,30 December 1899,
,,,30 December 1899,
,,,30 December 1899,
,,,30 December 1899,
,,,30 December 1899,
,,,30 December 1899,
,,,30 December 1899,
,,,30 December 1899,
,,,30 December 1899,
,,,30 December 1899,
,,,30 December 1899,
,,,30 December 1899,
,,,30 December 1899,
,,,30 December 1899,
,,,30 December 1899,
,,,30 December 1899,
,,,30 December 1899,
,,,30 December 1899,
,,,30 December 1899,
,,,30 December 1899,
,,,30 December 1899,
,,,30 December 1899,
,,,30 December 1899,
,,,30 December 1899,
,,,30 December 1899,
,,,30 December 1899,
,,,30 December 1899,
,,,30 December 1899,
,,,30 December 1899,
,,,30 December 1899,
,,,30 December 1899,
,,,30 December 1899,
,,,30 December 1899,
,,,30 December 1899,
,,,30 December 1899,
,,,30 December 1899,
,,,30 December 1899,
,,,30 December 1899,
,,,30 December 1899,
,,,30 December 1899,
,,,30 December 1899,
,,,30 December 1899,
,,,30 December 1899,
,,,30 December 1899,
,,,30 December 1899,
,,,30 December 1899,
,,,30 December 1899,
,,,30 December 1899,
,,,30 December 1899,
,,,30 December 1899,
,,,30 December 1899,
,,,30 December 1899,
,,,30 December 1899,
,,,30 December 1899,
,,,30 December 1899,
,,,30 December 1899,
,,,30 December 1899,
,,,30 December 1899,
,,,30 December 1899,
,,,30 December 1899,
,,,30 December 1899,
,,,30 December 1899,
,,,30 December 1899,
,,,30 December 1899,
,,,30 December 1899,
,,,30 December 1899,
,,,30 December 1899,
,,,30 December 1899,
,,,30 December 1899,
,,,30 December 1899,
,,,30 December 1899,
,,,30 December 1899,
,,,30 December 1899,
,,,30 December 1899,
,,,30 December 1899,
,,,30 December 1899,
,,,30 December 1899,
,,,30 December 1899,
,,,30 December 1899,
,,,30 December 1899,
,,,30 December 1899,
,,,30 December 1899,
,,,30 December 1899,
,,,30 December 1899,
,,,30 December 1899,
,,,30 December 1899,
,,,30 December 1899,
,,,30 December 1899,
,,,30 December 1899,
,,,30 December 1899,
,,,30 December 1899,
,,,30 December 1899,
,,,30 December 1899,
,,,30 December 1899,
,,,30 December 1899,
,,,30 December 1899,
,,,30 December 1899,
,,,30 December 1899,
,,,30 December 1899,
,,,30 December 1899,
,,,30 December 1899,
,,,30 December 1899,
,,,30 December 1899,
,,,30 December 1899,
,,,30 December 1899,
,,,30 December 1899,
,,,30 December 1899,
,,,30 December 1899,
,,,30 December 1899,
,,,30 December 1899,
,,,30 December 1899,
,,,30 December 1899,
,,,30 December 1899,
,,,30 December 1899,
,,,30 December 1899,
,,,30 December 1899,
,,,30 December 1899,
,,,30 December 1899,
,,,30 December 1899,
,,,30 December 1899,
,,,30 December 1899,
,,,30 December 1899,
,,,30 December 1899,
,,,30 December 1899,
,,,30 December 1899,
,,,30 December 1899,
,,,30 December 1899,
,,,30 December 1899,
,,,30 December 1899,
,,,30 December 1899,
,,,30 December 1899,
,,,30 December 1899,
,,,30 December 1899,
,,,30 December 1899,
,,,30 December 1899,
,,,30 December 1899,
,,,30 December 1899,
,,,30 December 1899,
,,,30 December 1899,
,,,30 December 1899,
,,,30 December 1899,
,,,30 December 1899,
,,,30 December 1899,
,,,30 December 1899,
,,,30 December 1899,
,,,30 December 1899,
,,,30 December 1899,
,,,30 December 1899,
,,,30 December 1899,
,,,30 December 1899,
,,,30 December 1899,
,,,30 December 1899,
,,,30 December 1899,
,,,30 December 1899,
,,,30 December 1899,
,,,30 December 1899,
,,,30 December 1899,
,,,30 December 1899,
,,,30 December 1899,
,,,30 December 1899,
,,,30 December 1899,
,,,30 December 1899,
,,,30 December 1899,
,,,30 December 1899,
,,,30 December 1899,
,,,30 December 1899,
,,,30 December 1899,
,,,30 December 1899,
,,,30 December 1899,
,,,30 December 1899,
,,,30 December 1899,
,,,30 December 1899,
,,,30 December 1899,
,,,30 December 1899,
,,,30 December 1899,
,,,30 December 1899,
,,,30 December 1899,
,,,30 December 1899,
,,,30 December 1899,
,,,30 December 1899,
,,,30 December 1899,
,,,30 December 1899,
,,,30 December 1899,
,,,30 December 1899,
,,,30 December 1899,
,,,30 December 1899,
,,,30 December 1899,
,,,30 December 1899,
,,,30 December 1899,
,,,30 December 1899,
,,,30 December 1899,
,,,30 December 1899,
,,,30 December 1899,
,,,30 December 1899,
,,,30 December 1899,
,,,30 December 1899,
,,,30 December 1899,
,,,30 December 1899,
,,,30 December 1899,
,,,30 December 1899,
,,,30 December 1899,
,,,30 December 1899,
,,,30 December 1899,
,,,30 December 1899,
,,,30 December 1899,
,,,30 December 1899,
,,,30 December 1899,
,,,30 December 1899,
,,,30 December 1899,
,,,30 December 1899,
,,,30 December 1899,
,,,30 December 1899,
,,,30 December 1899,
,,,30 December 1899,
,,,30 December 1899,
,,,30 December 1899,
,,,30 December 1899,
,,,30 December 1899,
,,,30 December 1899,
,,,30 December 1899,
,,,30 December 1899,
,,,30 December 1899,
,,,30 December 1899,
,,,30 December 1899,
,,,30 December 1899,
,,,30 December 1899,
,,,30 December 1899,
,,,30 December 1899,
,,,30 December 1899,
,,,30 December 1899,
,,,30 December 1899,
,,,30 December 1899,
,,,30 December 1899,
,,,30 December 1899,
,,,30 December 1899,
,,,30 December 1899,
,,,30 December 1899,
,,,30 December 1899,
,,,30 December 1899,
,,,30 December 1899,
,,,30 December 1899,
,,,30 December 1899,
,,,30 December 1899,
,,,30 December 1899,
,,,30 December 1899,
,,,30 December 1899,
,,,30 December 1899,
,,,30 December 1899,
,,,30 December 1899,
,,,30 December 1899,
,,,30 December 1899,
,,,30 December 1899,
,,,30 December 1899,
,,,30 December 1899,
,,,30 December 1899,
,,,30 December 1899,
,,,30 December 1899,
,,,30 December 1899,
,,,30 December 1899,
,,,30 December 1899,
,,,30 December 1899,
,,,30 December 1899,
,,,30 December 1899,
,,,30 December 1899,
,,,30 December 1899,
,,,30 December 1899,
,,,30 December 1899,
,,,30 December 1899,
,,,30 December 1899,
,,,30 December 1899,
,,,30 December 1899,
,,,30 December 1899,
,,,30 December 1899,
,,,30 December 1899,
,,,30 December 1899,
,,,30 December 1899,
,,,30 December 1899,
,,,30 December 1899,
,,,30 December 1899,
,,,30 December 1899,
,,,30 December 1899,
,,,30 December 1899,
,,,30 December 1899,
,,,30 December 1899,
,,,30 December 1899,
,,,30 December 1899,
,,,30 December 1899,
,,,30 December 1899,
,,,30 December 1899,
,,,30 December 1899,
,,,30 December 1899,
,,,30 December 1899,
,,,30 December 1899,
,,,30 December 1899,
,,,30 December 1899,
,,,30 December 1899,
,,,30 December 1899,
,,,30 December 1899,
,,,30 December 1899,
,,,30 December 1899,
,,,30 December 1899,
,,,30 December 1899,
,,,30 December 1899,
,,,30 December 1899,
,,,30 December 1899,
,,,30 December 1899,
,,,30 December 1899,
,,,30 December 1899,
,,,30 December 1899,
,,,30 December 1899,
,,,30 December 1899,
,,,30 December 1899,
,,,30 December 1899,
,,,30 December 1899,
,,,30 December 1899,
,,,30 December 1899,
,,,30 December 1899,
,,,30 December 1899,
,,,30 December 1899,
,,,30 December 1899,
,,,30 December 1899,
,,,30 December 1899,
,,,30 December 1899,
,,,30 December 1899,
,,,30 December 1899,
,,,30 December 1899,
,,,30 December 1899,
,,,30 December 1899,
,,,30 December 1899,
,,,30 December 1899,
,,,30 December 1899,
,,,30 December 1899,
,,,30 December 1899,
,,,30 December 1899,
,,,30 December 1899,
,,,30 December 1899,
,,,30 December 1899,
,,,30 December 1899,
,,,30 December 1899,
,,,30 December 1899,
,,,30 December 1899,
,,,30 December 1899,
,,,30 December 1899,
,,,30 December 1899,
,,,30 December 1899,
,,,30 December 1899,
,,,30 December 1899,
,,,30 December 1899,
,,,30 December 1899,
,,,30 December 1899,
,,,30 December 1899,
,,,30 December 1899,
,,,30 December 1899,
,,,30 December 1899,
,,,30 December 1899,
,,,30 December 1899,
,,,30 December 1899,
,,,30 December 1899,
,,,30 December 1899,
,,,30 December 1899,
,,,30 December 1899,
,,,30 December 1899,
,,,30 December 1899,
,,,30 December 1899,
,,,30 December 1899,
,,,30 December 1899,
,,,30 December 1899,
,,,30 December 1899,
,,,30 December 1899,
,,,30 December 1899,
,,,30 December 1899,
,,,30 December 1899,
,,,30 December 1899,
,,,30 December 1899,
,,,30 December 1899,
,,,30 December 1899,
,,,30 December 1899,
,,,30 December 1899,
,,,30 December 1899,
,,,30 December 1899,
,,,30 December 1899,
,,,30 December 1899,
,,,30 December 1899,
,,,30 December 1899,
,,,30 December 1899,
,,,30 December 1899,
,,,30 December 1899,
,,,30 December 1899,
,,,30 December 1899,
,,,30 December 1899,
,,,30 December 1899,
,,,30 December 1899,
,,,30 December 1899,
,,,30 December 1899,
,,,30 December 1899,
,,,30 December 1899,
,,,30 December 1899,
,,,30 December 1899,
,,,30 December 1899,
,,,30 December 1899,
,,,30 December 1899,
,,,30 December 1899,
,,,30 December 1899,
,,,30 December 1899,
,,,30 December 1899,
,,,30 December 1899,
,,,30 December 1899,
,,,30 December 1899,
,,,30 December 1899,
,,,30 December 1899,
,,,30 December 1899,
,,,30 December 1899,
,,,30 December 1899,
,,,30 December 1899,
,,,30 December 1899,
,,,30 December 1899,
,,,30 December 1899,
,,,30 December 1899,
,,,30 December 1899,
,,,30 December 1899,
,,,30 December 1899,
,,,30 December 1899,
,,,30 December 1899,
,,,30 December 1899,
,,,30 December 1899,
,,,30 December 1899,
,,,30 December 1899,
,,,30 December 1899,
,,,30 December 1899,
,,,30 December 1899,
,,,30 December 1899,
,,,30 December 1899,
,,,30 December 1899,
,,,30 December 1899,
,,,30 December 1899,
,,,30 December 1899,
,,,30 December 1899,
,,,30 December 1899,
,,,30 December 1899,
,,,30 December 1899,
,,,30 December 1899,
,,,30 December 1899,
,,,30 December 1899,
,,,30 December 1899,
,,,30 December 1899,
,,,30 December 1899,
,,,30 December 1899,
,,,30 December 1899,
,,,30 December 1899,
,,,30 December 1899,
,,,30 December 1899,
,,,30 December 1899,
,,,30 December 1899,
,,,30 December 1899,
,,,30 December 1899,
,,,30 December 1899,
,,,30 December 1899,
,,,30 December 1899,
,,,30 December 1899,
,,,30 December 1899,
,,,30 December 1899,
,,,30 December 1899,
,,,30 December 1899,
,,,30 December 1899,
,,,30 December 1899,
,,,30 December 1899,
,,,30 December 1899,
,,,30 December 1899,
,,,30 December 1899,
,,,30 December 1899,
,,,30 December 1899,
,,,30 December 1899,
,,,30 December 1899,
,,,30 December 1899,
,,,30 December 1899,
,,,30 December 1899,
,,,30 December 1899,
,,,30 December 1899,
,,,30 December 1899,
,,,30 December 1899,
,,,30 December 1899,
,,,30 December 1899,
,,,30 December 1899,
,,,30 December 1899,
,,,30 December 1899,
,,,30 December 1899,
,,,30 December 1899,
,,,30 December 1899,
,,,30 December 1899,
,,,30 December 1899,
,,,30 December 1899,
,,,30 December 1899,
,,,30 December 1899,
,,,30 December 1899,
,,,30 December 1899,
,,,30 December 1899,
,,,30 December 1899,
,,,30 December 1899,
,,,30 December 1899,
,,,30 December 1899,
,,,30 December 1899,
,,,30 December 1899,
,,,30 December 1899,
,,,30 December 1899,
,,,30 December 1899,
,,,30 December 1899,
,,,30 December 1899,
,,,30 December 1899,
,,,30 December 1899,
,,,30 December 1899,
,,,30 December 1899,
,,,30 December 1899,
,,,30 December 1899,
,,,30 December 1899,
,,,30 December 1899,
,,,30 December 1899,
,,,30 December 1899,
,,,30 December 1899,
,,,30 December 1899,
,,,30 December 1899,
,,,30 December 1899,
,,,30 December 1899,
,,,30 December 1899,
,,,30 December 1899,
,,,30 December 1899,
,,,30 December 1899,
,,,30 December 1899,
,,,30 December 1899,
,,,30 December 1899,
,,,30 December 1899,
,,,30 December 1899,
,,,30 December 1899,
,,,30 December 1899,
,,,30 December 1899,
,,,30 December 1899,
,,,30 December 1899,
,,,30 December 1899,
,,,30 December 1899,
,,,30 December 1899,
,,,30 December 1899,
,,,30 December 1899,
,,,30 December 1899,
,,,30 December 1899,
,,,30 December 1899,
,,,30 December 1899,
,,,30 December 1899,
,,,30 December 1899,
,,,30 December 1899,
,,,30 December 1899,
,,,30 December 1899,
,,,30 December 1899,
,,,30 December 1899,
,,,30 December 1899,
,,,30 December 1899,
,,,30 December 1899,
,,,30 December 1899,
,,,30 December 1899,
,,,30 December 1899,
,,,30 December 1899,
,,,30 December 1899,
,,,30 December 1899,
,,,30 December 1899,
,,,30 December 1899,
,,,30 December 1899,
,,,30 December 1899,
,,,30 December 1899,
,,,30 December 1899,
,,,30 December 1899,
,,,30 December 1899,
,,,30 December 1899,
,,,30 December 1899,
,,,30 December 1899,
,,,30 December 1899,
,,,30 December 1899,
,,,30 December 1899,
,,,30 December 1899,
,,,30 December 1899,
,,,30 December 1899,
,,,30 December 1899,
,,,30 December 1899,
,,,30 December 1899,
,,,30 December 1899,
,,,30 December 1899,
,,,30 December 1899,
,,,30 December 1899,
,,,30 December 1899,
,,,30 December 1899,
,,,30 December 1899,
,,,30 December 1899,
,,,30 December 1899,
,,,30 December 1899,
,,,30 December 1899,
,,,30 December 1899,
,,,30 December 1899,
,,,30 December 1899,
,,,30 December 1899,
,,,30 December 1899,
,,,30 December 1899,
,,,30 December 1899,
,,,30 December 1899,
,,,30 December 1899,
,,,30 December 1899,
,,,30 December 1899,
,,,30 December 1899,
,,,30 December 1899,
,,,30 December 1899,
,,,30 December 1899,
,,,30 December 1899,
,,,30 December 1899,
,,,30 December 1899,
,,,30 December 1899,
,,,30 December 1899,
,,,30 December 1899,
,,,30 December 1899,
,,,30 December 1899,
,,,30 December 1899,
,,,30 December 1899,
,,,30 December 1899,
,,,30 December 1899,
,,,30 December 1899,
,,,30 December 1899,
,,,30 December 1899,
,,,30 December 1899,
,,,30 December 1899,
,,,30 December 1899,
,,,30 December 1899,
,,,30 December 1899,
,,,30 December 1899,
,,,30 December 1899,
,,,30 December 1899,
,,,30 December 1899,
,,,30 December 1899,
,,,30 December 1899,
,,,30 December 1899,
,,,30 December 1899,
,,,30 December 1899,
,,,30 December 1899,
,,,30 December 1899,
,,,30 December 1899,
,,,30 December 1899,
,,,30 December 1899,
,,,30 December 1899,
,,,30 December 1899,
,,,30 December 1899,
,,,30 December 1899,
,,,30 December 1899,
,,,30 December 1899,
,,,30 December 1899,
,,,30 December 1899,
,,,30 December 1899,
,,,30 December 1899,
,,,30 December 1899,
,,,30 December 1899,
,,,30 December 1899,
,,,30 December 1899,
,,,30 December 1899,
,,,30 December 1899,
,,,30 December 1899,
,,,30 December 1899,
,,,30 December 1899,
,,,30 December 1899,
,,,30 December 1899,
,,,30 December 1899,
,,,30 December 1899,
,,,30 December 1899,
,,,30 December 1899,
,,,30 December 1899,
,,,30 December 1899,
,,,30 December 1899,
,,,30 December 1899,
,,,30 December 1899,
,,,30 December 1899,
,,,30 December 1899,
,,,30 December 1899,
,,,30 December 1899,
,,,30 December 1899,
,,,30 December 1899,
,,,30 December 1899,
,,,30 December 1899,
,,,30 December 1899,
,,,30 December 1899,
,,,30 December 1899,
,,,30 December 1899,
,,,30 December 1899,
,,,30 December 1899,
,,,30 December 1899,
,,,30 December 1899,
,,,30 December 1899,
,,,30 December 1899,
,,,30 December 1899,
,,,30 December 1899,
,,,30 December 1899,
,,,30 December 1899,
,,,30 December 1899,
,,,30 December 1899,
,,,30 December 1899,
,,,30 December 1899,
,,,30 December 1899,
,,,30 December 1899,
,,,30 December 1899,
,,,30 December 1899,
,,,30 December 1899,
,,,30 December 1899,
,,,30 December 1899,
,,,30 December 1899,
,,,30 December 1899,
,,,30 December 1899,
,,,30 December 1899,
,,,30 December 1899,
,,,30 December 1899,
,,,30 December 1899,
,,,30 December 1899,
,,,30 December 1899,
,,,30 December 1899,
,,,30 December 1899,
,,,30 December 1899,
,,,30 December 1899,
,,,30 December 1899,
,,,30 December 1899,
,,,30 December 1899,
,,,30 December 1899,
,,,30 December 1899,
,,,30 December 1899,
,,,30 December 1899,
,,,30 December 1899,
,,,30 December 1899,
,,,30 December 1899,
,,,30 December 1899,
,,,30 December 1899,
,,,30 December 1899,
,,,30 December 1899,
,,,30 December 1899,
,,,30 December 1899,
,,,30 December 1899,
,,,30 December 1899,
,,,30 December 1899,
,,,30 December 1899,
,,,30 December 1899,
,,,30 December 1899,
,,,30 December 1899,
,,,30 December 1899,
,,,30 December 1899,
,,,30 December 1899,
,,,30 December 1899,
,,,30 December 1899,
,,,30 December 1899,
,,,30 December 1899,
,,,30 December 1899,
,,,30 December 1899,
,,,30 December 1899,
,,,30 December 1899,
,,,30 December 1899,
,,,30 December 1899,
,,,30 December 1899,
,,,30 December 1899,
,,,30 December 1899,
,,,30 December 1899,
,,,30 December 1899,
,,,30 December 1899,
,,,30 December 1899,
,,,30 December 1899,
,,,30 December 1899,
,,,30 December 1899,
,,,30 December 1899,
,,,30 December 1899,
,,,30 December 1899,
,,,30 December 1899,
,,,30 December 1899,
,,,30 December 1899,
,,,30 December 1899,
,,,30 December 1899,
,,,30 December 1899,
,,,30 December 1899,
,,,30 December 1899,
,,,30 December 1899,
,,,30 December 1899,
,,,30 December 1899,
,,,30 December 1899,
,,,30 December 1899,
,,,30 December 1899,
,,,30 December 1899,
,,,30 December 1899,
,,,30 December 1899,
,,,30 December 1899,
,,,30 December 1899,
,,,30 December 1899,
,,,30 December 1899,
,,,30 December 1899,
,,,30 December 1899,
,,,30 December 1899,
,,,30 December 1899,
,,,30 December 1899,
,,,30 December 1899,
,,,30 December 1899,
,,,30 December 1899,
,,,30 December 1899,
,,,30 December 1899,
,,,30 December 1899,
,,,30 December 1899,
,,,30 December 1899,
,,,30 December 1899,
,,,30 December 1899,
,,,30 December 1899,
,,,30 December 1899,
,,,30 December 1899,
,,,30 December 1899,
,,,30 December 1899,
,,,30 December 1899,
,,,30 December 1899,
,,,30 December 1899,
,,,30 December 1899,
,,,30 December 1899,
,,,30 December 1899,
,,,30 December 1899,
,,,30 December 1899,
,,,30 December 1899,
,,,30 December 1899,
,,,30 December 1899,
,,,30 December 1899,
,,,30 December 1899,
,,,30 December 1899,
,,,30 December 1899,
,,,30 December 1899,
,,,30 December 1899,
,,,30 December 1899,
,,,30 December 1899,
,,,30 December 1899,
,,,30 December 1899,
,,,30 December 1899,
,,,30 December 1899,
,,,30 December 1899,
,,,30 December 1899,
,,,30 December 1899,
,,,30 December 1899,
,,,30 December 1899,
,,,30 December 1899,
,,,30 December 1899,
,,,30 December 1899,
,,,30 December 1899,
,,,30 December 1899,
,,,30 December 1899,
,,,30 December 1899,
,,,30 December 1899,
,,,30 December 1899,
,,,30 December 1899,
,,,30 December 1899,
,,,30 December 1899,
,,,30 December 1899,
,,,30 December 1899,
,,,30 December 1899,
,,,30 December 1899,
,,,30 December 1899,
,,,30 December 1899,
,,,30 December 1899,
,,,30 December 1899,
,,,30 December 1899,
,,,30 December 1899,
,,,30 December 1899,
,,,30 December 1899,
,,,30 December 1899,
,,,30 December 1899,
,,,30 December 1899,
,,,30 December 1899,
,,,30 December 1899,
,,,30 December 1899,
,,,30 December 1899,
,,,30 December 1899,
,,,30 December 1899,
,,,30 December 1899,
,,,30 December 1899,
,,,30 December 1899,
,,,30 December 1899,
,,,30 December 1899,
,,,30 December 1899,
,,,30 December 1899,
,,,30 December 1899,
,,,30 December 1899,
,,,30 December 1899,
,,,30 December 1899,
,,,30 December 1899,
,,,30 December 1899,
,,,30 December 1899,
,,,30 December 1899,
,,,30 December 1899,
,,,30 December 1899,
,,,30 December 1899,
,,,30 December 1899,
,,,30 December 1899,
,,,30 December 1899,
,,,30 December 1899,
,,,30 December 1899,
,,,30 December 1899,
,,,30 December 1899,
,,,30 December 1899,
,,,30 December 1899,
,,,30 December 1899,
,,,30 December 1899,
,,,30 December 1899,
,,,30 December 1899,
,,,30 December 1899,
,,,30 December 1899,
,,,30 December 1899,
,,,30 December 1899,
,,,30 December 1899,
,,,30 December 1899,
,,,30 December 1899,
,,,30 December 1899,
,,,30 December 1899,
,,,30 December 1899,
,,,30 December 1899,
,,,30 December 1899,
,,,30 December 1899,
,,,30 December 1899,
,,,30 December 1899,
,,,30 December 1899,
,,,30 December 1899,
,,,30 December 1899,
,,,30 December 1899,
,,,30 December 1899,
,,,30 December 1899,
,,,30 December 1899,
,,,30 December 1899,
,,,30 December 1899,
,,,30 December 1899,
,,,30 December 1899,
,,,30 December 1899,
,,,30 December 1899,
,,,30 December 1899,
,,,30 December 1899,
,,,30 December 1899,
,,,30 December 1899,
,,,30 December 1899,
,,,30 December 1899,
,,,30 December 1899,
,,,30 December 1899,
,,,30 December 1899,
,,,30 December 1899,
,,,30 December 1899,
,,,30 December 1899,
,,,30 December 1899,
,,,30 December 1899,
,,,30 December 1899,
,,,30 December 1899,
,,,30 December 1899,
,,,30 December 1899,
,,,30 December 1899,
,,,30 December 1899,
,,,30 December 1899,
,,,30 December 1899,
,,,30 December 1899,
,,,30 December 1899,
,,,30 December 1899,
,,,30 December 1899,
,,,30 December 1899,
,,,30 December 1899,
,,,30 December 1899,
,,,30 December 1899,
,,,30 December 1899,
,,,30 December 1899,
,,,30 December 1899,
,,,30 December 1899,
,,,30 December 1899,
,,,30 December 1899,
,,,30 December 1899,
,,,30 December 1899,
,,,30 December 1899,
,,,30 December 1899,
,,,30 December 1899,
,,,30 December 1899,
,,,30 December 1899,
,,,30 December 1899,
,,,30 December 1899,
,,,30 December 1899,
,,,30 December 1899,
,,,30 December 1899,
,,,30 December 1899,
,,,30 December 1899,
,,,30 December 1899,
,,,30 December 1899,
,,,30 December 1899,
,,,30 December 1899,
,,,30 December 1899,
,,,30 December 1899,
,,,30 December 1899,
,,,30 December 1899,
,,,30 December 1899,
,,,30 December 1899,
,,,30 December 1899,
,,,30 December 1899,
,,,30 December 1899,
,,,30 December 1899,
,,,30 December 1899,
,,,30 December 1899,
,,,30 December 1899,
,,,30 December 1899,
,,,30 December 1899,
,,,30 December 1899,
,,,30 December 1899,
,,,30 December 1899,
,,,30 December 1899,
,,,30 December 1899,
,,,30 December 1899,
,,,30 December 1899,
,,,30 December 1899,
,,,30 December 1899,
,,,30 December 1899,
,,,30 December 1899,
,,,30 December 1899,
,,,30 December 1899,
,,,30 December 1899,
,,,30 December 1899,
,,,30 December 1899,
,,,30 December 1899,
,,,30 December 1899,
,,,30 December 1899,
,,,30 December 1899,
,,,30 December 1899,
,,,30 December 1899,
,,,30 December 1899,
,,,30 December 1899,
,,,30 December 1899,
,,,30 December 1899,
,,,30 December 1899,
,,,30 December 1899,
,,,30 December 1899,
,,,30 December 1899,
,,,30 December 1899,
,,,30 December 1899,
,,,30 December 1899,
,,,30 December 1899,
,,,30 December 1899,
,,,30 December 1899,
,,,30 December 1899,
,,,30 December 1899,
,,,30 December 1899,
,,,30 December 1899,
,,,30 December 1899,
,,,30 December 1899,
,,,30 December 1899,
,,,30 December 1899,
,,,30 December 1899,
,,,30 December 1899,
,,,30 December 1899,
,,,30 December 1899,
,,,30 December 1899,
,,,30 December 1899,
,,,30 December 1899,
,,,30 December 1899,
,,,30 December 1899,
,,,30 December 1899,
,,,30 December 1899,
,,,30 December 1899,
,,,30 December 1899,
,,,30 December 1899,
,,,30 December 1899,
,,,30 December 1899,
,,,30 December 1899,
,,,30 December 1899,
,,,30 December 1899,
,,,30 December 1899,
,,,30 December 1899,
,,,30 December 1899,
,,,30 December 1899,
,,,30 December 1899,
,,,30 December 1899,
,,,30 December 1899,
,,,30 December 1899,
,,,30 December 1899,
,,,30 December 1899,
,,,30 December 1899,
,,,30 December 1899,
,,,30 December 1899,
,,,30 December 1899,
,,,30 December 1899,
,,,30 December 1899,
,,,30 December 1899,
,,,30 December 1899,
,,,30 December 1899,
,,,30 December 1899,
,,,30 December 1899,
,,,30 December 1899,
,,,30 December 1899,
,,,30 December 1899,
,,,30 December 1899,
,,,30 December 1899,
,,,30 December 1899,
,,,30 December 1899,
,,,30 December 1899,
,,,30 December 1899,
,,,30 December 1899,
,,,30 December 1899,
,,,30 December 1899,
,,,30 December 1899,
,,,30 December 1899,
,,,30 December 1899,
,,,30 December 1899,
,,,30 December 1899,
,,,30 December 1899,
,,,30 December 1899,
,,,30 December 1899,
,,,30 December 1899,
,,,30 December 1899,
,,,30 December 1899,
,,,30 December 1899,
,,,30 December 1899,
,,,30 December 1899,
,,,30 December 1899,
,,,30 December 1899,
,,,30 December 1899,
,,,30 December 1899,
,,,30 December 1899,
,,,30 December 1899,
,,,30 December 1899,
,,,30 December 1899,
,,,30 December 1899,
,,,30 December 1899,
,,,30 December 1899,
,,,30 December 1899,
,,,30 December 1899,
,,,30 December 1899,
,,,30 December 1899,
,,,30 December 1899,
,,,30 December 1899,
,,,30 December 1899,
,,,30 December 1899,
,,,30 December 1899,
,,,30 December 1899,
,,,30 December 1899,
,,,30 December 1899,
,,,30 December 1899,
,,,30 December 1899,
,,,30 December 1899,
,,,30 December 1899,
,,,30 December 1899,
,,,30 December 1899,
,,,30 December 1899,
,,,30 December 1899,
,,,30 December 1899,
,,,30 December 1899,
,,,30 December 1899,
,,,30 December 1899,
,,,30 December 1899,
,,,30 December 1899,
,,,30 December 1899,
,,,30 December 1899,
,,,30 December 1899,
,,,30 December 1899,
,,,30 December 1899,
,,,30 December 1899,
,,,30 December 1899,
,,,30 December 1899,
,,,30 December 1899,
,,,30 December 1899,
,,,30 December 1899,
,,,30 December 1899,
,,,30 December 1899,
,,,30 December 1899,
,,,30 December 1899,
,,,30 December 1899,
,,,30 December 1899,
,,,30 December 1899,
,,,30 December 1899,
,,,30 December 1899,
,,,30 December 1899,
,,,30 December 1899,
,,,30 December 1899,
,,,30 December 1899,
,,,30 December 1899,
,,,30 December 1899,
,,,30 December 1899,
,,,30 December 1899,
,,,30 December 1899,
,,,30 December 1899,
,,,30 December 1899,
,,,30 December 1899,
,,,30 December 1899,
,,,30 December 1899,
,,,30 December 1899,
,,,30 December 1899,
,,,30 December 1899,
,,,30 December 1899,
,,,30 December 1899,
,,,30 December 1899,
,,,30 December 1899,
,,,30 December 1899,
,,,30 December 1899,
,,,30 December 1899,
,,,30 December 1899,
,,,30 December 1899,
,,,30 December 1899,
,,,30 December 1899,
,,,30 December 1899,
,,,30 December 1899,
,,,30 December 1899,
,,,30 December 1899,
,,,30 December 1899,
,,,30 December 1899,
,,,30 December 1899,
,,,30 December 1899,
,,,30 December 1899,
,,,30 December 1899,
,,,30 December 1899,
,,,30 December 1899,
,,,30 December 1899,
,,,30 December 1899,
,,,30 December 1899,
,,,30 December 1899,
,,,30 December 1899,
,,,30 December 1899,
,,,30 December 1899,
,,,30 December 1899,
,,,30 December 1899,
,,,30 December 1899,
,,,30 December 1899,
,,,30 December 1899,
,,,30 December 1899,
,,,30 December 1899,
,,,30 December 1899,
,,,30 December 1899,
,,,30 December 1899,
,,,30 December 1899,
,,,30 December 1899,
,,,30 December 1899,
,,,30 December 1899,
,,,30 December 1899,
,,,30 December 1899,
,,,30 December 1899,
,,,30 December 1899,
,,,30 December 1899,
,,,30 December 1899,
,,,30 December 1899,
,,,30 December 1899,
,,,30 December 1899,
,,,30 December 1899,
,,,30 December 1899,
,,,30 December 1899,
,,,30 December 1899,
,,,30 December 1899,
,,,30 December 1899,
,,,30 December 1899,
,,,30 December 1899,
,,,30 December 1899,
,,,30 December 1899,
,,,30 December 1899,
,,,30 December 1899,
,,,30 December 1899,
,,,30 December 1899,
,,,30 December 1899,
,,,30 December 1899,
,,,30 December 1899,
,,,30 December 1899,
,,,30 December 1899,
,,,30 December 1899,
,,,30 December 1899,
,,,30 December 1899,
,,,30 December 1899,
,,,30 December 1899,
,,,30 December 1899,
,,,30 December 1899,
,,,30 December 1899,
,,,30 December 1899,
,,,30 December 1899,
,,,30 December 1899,
,,,30 December 1899,
,,,30 December 1899,
,,,30 December 1899,
,,,30 December 1899,
,,,30 December 1899,
,,,30 December 1899,
,,,30 December 1899,
,,,30 December 1899,
,,,30 December 1899,
,,,30 December 1899,
,,,30 December 1899,
,,,30 December 1899,
,,,30 December 1899,
,,,30 December 1899,
,,,30 December 1899,
,,,30 December 1899,
,,,30 December 1899,
,,,30 December 1899,
,,,30 December 1899,
,,,30 December 1899,
,,,30 December 1899,
,,,30 December 1899,
,,,30 December 1899,
,,,30 December 1899,
,,,30 December 1899,
,,,30 December 1899,
,,,30 December 1899,
,,,30 December 1899,
,,,30 December 1899,
,,,30 December 1899,
,,,30 December 1899,
,,,30 December 1899,
,,,30 December 1899,
,,,30 December 1899,
,,,30 December 1899,
,,,30 December 1899,
,,,30 December 1899,
,,,30 December 1899,
,,,30 December 1899,
,,,30 December 1899,
,,,30 December 1899,
,,,30 December 1899,
,,,30 December 1899,
,,,30 December 1899,
,,,30 December 1899,
,,,30 December 1899,
,,,30 December 1899,
,,,30 December 1899,
,,,30 December 1899,
,,,30 December 1899,
,,,30 December 1899,
,,,30 December 1899,
,,,30 December 1899,
,,,30 December 1899,
,,,30 December 1899,
,,,30 December 1899,
,,,30 December 1899,
,,,30 December 1899,
,,,30 December 1899,
,,,30 December 1899,
,,,30 December 1899,
,,,30 December 1899,
,,,30 December 1899,
,,,30 December 1899,
,,,30 December 1899,
,,,30 December 1899,
,,,30 December 1899,
,,,30 December 1899,
,,,30 December 1899,
,,,30 December 1899,
,,,30 December 1899,
,,,30 December 1899,
,,,30 December 1899,
,,,30 December 1899,
,,,30 December 1899,
,,,30 December 1899,
,,,30 December 1899,
,,,30 December 1899,
,,,30 December 1899,
,,,30 December 1899,
,,,30 December 1899,
,,,30 December 1899,
,,,30 December 1899,
,,,30 December 1899,
,,,30 December 1899,
,,,30 December 1899,
,,,30 December 1899,
,,,30 December 1899,
,,,30 December 1899,
,,,30 December 1899,
,,,30 December 1899,
,,,30 December 1899,
,,,30 December 1899,
,,,30 December 1899,
,,,30 December 1899,
,,,30 December 1899,
,,,30 December 1899,
,,,30 December 1899,
,,,30 December 1899,
,,,30 December 1899,
,,,30 December 1899,
,,,30 December 1899,
,,,30 December 1899,
,,,30 December 1899,
,,,30 December 1899,
,,,30 December 1899,
,,,30 December 1899,
,,,30 December 1899,
,,,30 December 1899,
,,,30 December 1899,
,,,30 December 1899,
,,,30 December 1899,
,,,30 December 1899,
,,,30 December 1899,
,,,30 December 1899,
,,,30 December 1899,
,,,30 December 1899,
,,,30 December 1899,
,,,30 December 1899,
,,,30 December 1899,
,,,30 December 1899,
,,,30 December 1899,
,,,30 December 1899,
,,,30 December 1899,
,,,30 December 1899,
,,,30 December 1899,
,,,30 December 1899,
,,,30 December 1899,
,,,30 December 1899,
,,,30 December 1899,
,,,30 December 1899,
,,,30 December 1899,
,,,30 December 1899,
,,,30 December 1899,
,,,30 December 1899,
,,,30 December 1899,
,,,30 December 1899,
,,,30 December 1899,
,,,30 December 1899,
,,,30 December 1899,
,,,30 December 1899,
,,,30 December 1899,
,,,30 December 1899,
,,,30 December 1899,
,,,30 December 1899,
,,,30 December 1899,
,,,30 December 1899,
,,,30 December 1899,
,,,30 December 1899,
,,,30 December 1899,
,,,30 December 1899,
,,,30 December 1899,
,,,30 December 1899,
,,,30 December 1899,
,,,30 December 1899,
,,,30 December 1899,
,,,30 December 1899,
,,,30 December 1899,
,,,30 December 1899,
